Timestamp (ms),ch0_4ms,ch1_4ms,ch2_4ms,ch3_4ms,chAux_4ms,info
1588562923717,-48.63832977751366,10.174861205658125,4.02155205042689,-27.925817350500928,NaN,[object Object]
1588562923720,-27.642270501095886,14.111120606186166,16.7356177886315,-15.301422675836243,NaN,[object Object]
1588562923723,-12.21360167718692,11.850277467307093,16.209916118184072,-11.032041482919494,NaN,[object Object]
1588562923726,-31.985486828708144,6.375868873781616,3.542910409992312,-37.18006389492524,NaN,[object Object]
1588562923730,-71.47112606121996,11.557639245727605,-2.385855276361359,-70.04117666297134,NaN,[object Object]
1588562923732,-98.57822407404228,18.680208038258495,2.1722952158827358,-84.49187419104823,NaN,[object Object]
1588562923735,-112.28414064963744,23.25945879719074,10.843993435598467,-97.09801042399988,NaN,[object Object]
1588562923738,-123.5668509359829,25.575310084196936,19.54021908093882,-126.61496140213023,NaN,[object Object]
1588562923740,-140.3141016238973,23.752918702776256,16.586632150521787,-147.65485639076434,NaN,[object Object]
1588562923742,-182.07447000566654,28.687572003017895,4.8777591371173,-172.4274565004879,NaN,[object Object]
1588562923745,-228.6293050764162,27.512750269520303,5.832823769442457,-216.16901218438107,NaN,[object Object]
1588562923748,-233.40550967403783,18.053172471131205,12.675699392008337,-224.88342536667307,NaN,[object Object]
1588562923766,-222.2544413112107,12.042492984557372,12.081552236870127,-209.27817697229574,NaN,[object Object]
1588562923770,-223.893689819517,5.273821935200415,9.728815675492816,-213.411172226088,NaN,[object Object]
1588562923773,-236.3172147714252,5.186996690263001,10.916401006829219,-224.9072174108644,NaN,[object Object]
1588562923777,-251.9552831252312,5.528112973731247,20.38911750589825,-230.6007859276367,NaN,[object Object]
1588562923780,-228.048092837738,2.828741437005992,28.939437259508985,-212.53519659866063,NaN,[object Object]
1588562923783,-186.0802903356942,1.059391327366635,25.590276054908625,-185.10605133702882,NaN,[object Object]
1588562923786,-173.4920840147442,-5.742591227280371,22.88028729681821,-180.24216805778153,NaN,[object Object]
1588562923789,-180.34957329261135,-8.10817096752314,30.68812169964923,-183.14689243558706,NaN,[object Object]
1588562923792,-197.3044159255587,-9.549969027838385,36.96441720756134,-178.46382634007853,NaN,[object Object]
1588562923794,-184.64828348585075,-16.429680310909866,32.9395452988924,-160.33629901080894,NaN,[object Object]
1588562923796,-135.1886365652239,-22.269309427913257,32.51805418943961,-131.00522459862202,NaN,[object Object]
1588562923799,-112.80468462195904,-22.71038107284788,37.67335375960358,-115.43171836057401,NaN,[object Object]
1588562923814,-131.2562535809279,-14.206674514232674,36.12583951977906,-123.43457354328295,NaN,[object Object]
1588562923816,-151.16393712466206,-12.275334549878457,36.56989131180461,-132.09922292213906,NaN,[object Object]
1588562923818,-134.23638837665504,-18.16782661541188,38.45378929184071,-114.54423344577006,NaN,[object Object]
1588562923820,-88.40021359191458,-18.096769677171295,32.100096124432326,-82.00701687930022,NaN,[object Object]
1588562923822,-61.54267181149504,-20.33634715656254,29.409938445096145,-67.53574907153114,NaN,[object Object]
1588562923824,-65.82129497650769,-20.258400382569768,32.0994879695664,-70.90060599490778,NaN,[object Object]
1588562923826,-82.1306562213665,-14.278540356390813,31.745200051227133,-75.12158351774217,NaN,[object Object]
1588562923828,-84.28199862703252,-15.651434200727977,29.09723507959003,-67.96155136703607,NaN,[object Object]
1588562923831,-55.957558581908614,-18.00733272946959,25.045717211044227,-46.69861073830906,NaN,[object Object]
1588562923832,-27.768599035486687,-18.810194930361817,24.783071480959123,-29.597824697047745,NaN,[object Object]
1588562923834,-34.8350417869391,-20.27580666865687,24.18665519606181,-30.135384027563617,NaN,[object Object]
1588562923836,-54.03196611001829,-12.968694437563059,15.386373937013504,-39.57497688353259,NaN,[object Object]
1588562923851,-46.55838445995542,-6.033503600157136,11.263973536827889,-35.95323816125941,NaN,[object Object]
1588562923854,-20.121443186184685,-9.871188592452981,16.40989601515873,-17.300197261486346,NaN,[object Object]
1588562923856,2.6578072215094006,-12.172042175888594,17.964843596816923,-6.916112958085798,NaN,[object Object]
1588562923858,7.711855768149099,-5.882906930657014,17.966665966460198,-8.132162423700787,NaN,[object Object]
1588562923859,-14.021815189203675,-5.544515362060986,19.240253813436873,-14.462073976878985,NaN,[object Object]
1588562923861,-29.188544216530374,-12.163713137974137,10.959191599537574,-19.401225305366914,NaN,[object Object]
1588562923863,-7.014103107495693,-8.121925789377716,0.9933715967217456,-6.518676062033508,NaN,[object Object]
1588562923865,19.435069634644766,-3.4485067486812184,4.918296621555131,9.154691147451313,NaN,[object Object]
1588562923867,11.78766268185458,-6.969177597876859,13.186226647738767,2.8537287101333186,NaN,[object Object]
1588562923869,-17.66111507773559,-5.034624834172329,12.59345072636884,-10.201136248563317,NaN,[object Object]
1588562923871,-22.93623604949221,-2.471575185166488,8.143065740163593,-5.399000257189906,NaN,[object Object]
1588562923872,4.202542944389712,-5.412313490499317,5.396101820162964,11.46112263356096,NaN,[object Object]
1588562923887,27.788970363742724,-6.195930492945374,2.4446241545204455,25.53098059424333,NaN,[object Object]
1588562923889,26.30321014787235,-6.2548841791159,3.1210774826615513,26.817017503695055,NaN,[object Object]
1588562923890,-3.0102860938593867,-6.675844695223908,5.950596734140728,6.6816441423486275,NaN,[object Object]
1588562923892,-26.36847542247177,-3.8646673899404584,6.537261014224935,-0.5159191551533102,NaN,[object Object]
1588562923895,-8.418236351154679,-3.6052705752858003,8.974892195697619,19.850269434683828,NaN,[object Object]
1588562923898,24.013212340921605,-5.90469741062917,10.342015715190488,36.895559881907204,NaN,[object Object]
1588562923901,35.79231283684235,-4.447683529481481,6.139535781969843,41.70673912558081,NaN,[object Object]
1588562923904,21.210318352199906,-2.0959682588299016,-1.460357499926779,21.93114986718112,NaN,[object Object]
1588562923907,0.04723174694102017,0.1793160938725804,-5.732076932808677,3.5781834105652726,NaN,[object Object]
1588562923909,9.938523170381334,0.6342481356852903,-3.289345355967816,19.614153460000956,NaN,[object Object]
1588562923910,40.00264126054369,-2.915361950644082,-2.614347258180482,40.38272753785566,NaN,[object Object]
1588562923912,46.3463469065681,-4.580646310240191,-5.008239639469554,46.659504516944004,NaN,[object Object]
1588562923928,30.019246708961532,-2.2240825321883815,-5.501055717257458,28.999148855961863,NaN,[object Object]
1588562923929,9.01392047132066,0.18395995982335245,-2.9362542177704807,3.606286668534011,NaN,[object Object]
1588562923931,6.263621968929796,-2.4255250625883185,2.984227030677295,12.018905051480537,NaN,[object Object]
1588562923933,38.085725262224514,-5.724447677743426,3.1891154280592877,37.77623112894203,NaN,[object Object]
1588562923935,58.01852048373513,-4.023357777584211,-2.8884178992210403,43.46953069602394,NaN,[object Object]
1588562923936,31.3989052716868,-3.886517418528476,-5.787033230316509,29.15951113439941,NaN,[object Object]
1588562923938,6.164087567654147,-4.52855161220403,-7.891882158533436,18.155624939058896,NaN,[object Object]
1588562923940,21.323330033744142,-3.108579226347297,-7.957060280061565,30.15568059483648,NaN,[object Object]
1588562923941,52.46000492199471,-3.421705550642899,-4.032019485837412,51.546339139356974,NaN,[object Object]
1588562923943,65.88236044468921,-4.1794567545629135,-5.023761446504696,55.838435431779644,NaN,[object Object]
1588562923946,41.75945755139123,-5.022021432107714,-7.675893860490548,44.80235829335348,NaN,[object Object]
1588562923948,0.6943383803241279,-3.902237860153087,-2.2620998305125424,31.108157228322504,NaN,[object Object]
1588562923989,1.3287378801862628,0.46768426993936085,2.595985993517096,30.456826566382468,NaN,[object Object]
1588562923991,41.88470479476953,1.2746574710118113,1.049235438765674,50.883229982933045,NaN,[object Object]
1588562923993,64.92775193020314,0.27626638595193664,1.0879883791665272,59.90791563279891,NaN,[object Object]
1588562923994,48.8689584555161,3.0296466445131753,-1.1675129527851054,40.42343948632299,NaN,[object Object]
1588562923996,24.149792190447243,4.6663687105888885,-7.092315505331676,24.37141136148075,NaN,[object Object]
1588562923997,26.472852683167375,0.5229595389466835,-6.566110642891177,29.862501432334092,NaN,[object Object]
1588562923999,46.40970488274073,-5.551756135477643,-3.486481259623904,45.15284955134649,NaN,[object Object]
1588562924001,59.15758400547223,-3.1198681665030388,-2.863657907003347,50.6894363142689,NaN,[object Object]
1588562924002,51.63124356711897,3.6633225431390652,-2.5296433290723774,38.64419571738278,NaN,[object Object]
1588562924004,19.56285048881569,3.1822108940666944,-2.3607211963290324,25.69430303165228,NaN,[object Object]
1588562924006,0.24282367163950003,2.314022620636762,-3.288802600013083,22.229508672725217,NaN,[object Object]
1588562924007,24.58222618507568,6.302257272223425,-6.773890260689365,30.42012348049157,NaN,[object Object]
1588562924026,58.62760515719904,11.202228816744164,-3.9041975253421666,50.218355795728904,NaN,[object Object]
1588562924028,51.23325135546151,9.192813990098255,2.9836243364115274,49.160558702119104,NaN,[object Object]
1588562924029,9.199704210667694,-1.3436097409658645,-0.3269927143557423,23.760721570990743,NaN,[object Object]
1588562924031,-3.706362161607332,-5.480013452875904,-4.646950519198888,19.49600963858844,NaN,[object Object]
1588562924033,24.10734835172849,-1.3221176198933333,-6.007308544478727,31.653170530715812,NaN,[object Object]
1588562924035,45.36430475444622,0.15650200358550853,-9.701704548578597,35.65418578815705,NaN,[object Object]
1588562924037,39.76984881367616,-2.5406069990729683,-8.674004560810628,35.73708561892615,NaN,[object Object]
1588562924039,13.832213208314366,-3.8370482210575383,-7.024647540999107,25.31945876426228,NaN,[object Object]
1588562924040,2.455610776915049,0.8918837175969259,-9.751168881729251,10.67471384749119,NaN,[object Object]
1588562924042,24.504148049557674,2.322581898904108,-10.893403576446705,12.434560735769793,NaN,[object Object]
1588562924043,44.30185427528577,-2.377643300153214,-6.67512807331933,26.30167128535225,NaN,[object Object]
1588562924045,41.69675752766559,-0.5843887795544496,-1.7452135059428733,30.576947900997222,NaN,[object Object]
1588562924069,22.428239371741775,1.9287246078826907,-5.173506961387649,13.4574112451288,NaN,[object Object]
1588562924071,2.5617540825644287,-2.48980926782007,-10.459630069582431,-3.4605582633123397,NaN,[object Object]
1588562924072,6.116819764577544,-8.585676722462761,-10.205335071077577,10.18371714073636,NaN,[object Object]
1588562924074,32.60090403108609,-13.910385194390514,-8.72240540677181,35.76495292519023,NaN,[object Object]
1588562924076,48.919998053404704,-10.841415535309935,-3.884056767943301,36.1982981513316,NaN,[object Object]
1588562924078,20.073904303410522,-3.7822393786484008,2.8348804973298125,18.43656428514233,NaN,[object Object]
1588562924079,-14.163604339151568,-3.538068454236155,2.6024434871877364,5.3038491365050815,NaN,[object Object]
1588562924081,9.98497064062258,-5.219640303365679,-3.5662414190976186,16.587563837391283,NaN,[object Object]
1588562924083,54.700575206658655,-6.340811078967466,-4.867717848981766,46.808559469303404,NaN,[object Object]
1588562924086,60.707014889849404,-2.3305390476546854,-2.526914627244431,50.90815827721422,NaN,[object Object]
1588562924088,28.71124569411544,-0.28119806814962134,-8.016817602619396,23.4425614419987,NaN,[object Object]
1588562924089,-6.011508792442074,-7.549874767592477,-10.811557071069865,0.1421590158778212,NaN,[object Object]
1588562924113,1.5595944750692894,-6.949959501811337,-5.908577727079834,3.7116288048190005,NaN,[object Object]
1588562924115,35.71853843795212,-3.3389997432928675,-7.1130519121084,30.399062462679428,NaN,[object Object]
1588562924117,52.50619627218941,0.4441613141888645,-9.765864350623094,42.15974882410096,NaN,[object Object]
1588562924118,43.53151818569691,9.6350026688554,-11.542418893780875,26.520874073093417,NaN,[object Object]
1588562924120,10.7865180668163,6.5559009427465185,-12.541435311484381,12.477685105337503,NaN,[object Object]
1588562924122,-1.8002862139485993,1.6853753220647825,-7.643765565695435,15.065195090743904,NaN,[object Object]
1588562924124,28.031276261573346,4.629445643441051,-6.518729727849373,33.99115179706942,NaN,[object Object]
1588562924126,49.429340994559126,1.4321642981526912,-6.236771625331597,51.41475997002635,NaN,[object Object]
1588562924130,43.626597288057056,0.805759135327079,1.190731159319403,45.80170279684769,NaN,[object Object]
1588562924132,18.657713214363323,3.0900703083465944,4.896073345587292,25.382654172985816,NaN,[object Object]
1588562924134,1.4704639895386906,-0.4136481547510744,2.3871553587354755,15.509312553786632,NaN,[object Object]
1588562924135,23.14279164609044,0.71538757007977,1.5018153391024667,24.813533059701495,NaN,[object Object]
1588562924159,46.454314171428145,3.212643479963256,0.8524295599306606,32.46600393557425,NaN,[object Object]
1588562924161,33.66555914522365,0.08032777214582643,-3.014240683001253,20.75117320852373,NaN,[object Object]
1588562924163,1.6651837136694994,0.9271943583378826,-5.722079642905821,2.295504939038161,NaN,[object Object]
1588562924165,-6.630409757014932,1.090414779757447,-4.9560193391803,-0.9911074578214605,NaN,[object Object]
1588562924167,17.283747341831358,-7.999799325222836,-5.883304742813618,8.798042799890537,NaN,[object Object]
1588562924169,37.35631583163098,-12.960719746867424,-5.524287009961492,28.86800657722724,NaN,[object Object]
1588562924171,40.06099214344417,-4.831169017334545,0.8143338680129966,46.28895712837503,NaN,[object Object]
1588562924172,22.700020913340772,4.344860732952956,0.7728020885417894,25.499253157432367,NaN,[object Object]
1588562924174,10.879075791149859,7.950994802733086,-5.378233320682612,3.9924397603924104,NaN,[object Object]
1588562924176,35.66821706084593,6.923065585664935,-2.5485698732011923,21.374351989775068,NaN,[object Object]
1588562924177,50.9473287159375,0.17107535560249554,1.7410007992229442,33.40015522501719,NaN,[object Object]
1588562924179,35.00027556975671,-2.341945309536853,-1.0312327919932507,28.818011580940727,NaN,[object Object]
1588562924204,22.417425425993095,1.3319144769657103,-2.093745897251463,18.81540090381057,NaN,[object Object]
1588562924206,16.55117080578559,0.008781846044241481,0.2284705778855879,5.515821810619635,NaN,[object Object]
1588562924207,24.8002107795421,-3.6032576818065425,0.42723387987267863,18.237542445628257,NaN,[object Object]
1588562924209,52.43333514031505,-1.2254083582812476,-0.36875761695093157,39.78959671826132,NaN,[object Object]
1588562924210,60.361198039378365,2.764644589963775,1.0839263337222507,29.38489781076975,NaN,[object Object]
1588562924212,29.702479303879812,0.28949970693424953,3.113217192877762,9.960349645598082,NaN,[object Object]
1588562924214,-1.7351333527202168,-2.3052257915393386,1.4283116817015613,3.776398779610767,NaN,[object Object]
1588562924215,7.595153130949324,-2.5980864528161676,0.0298683069227349,8.689234187806207,NaN,[object Object]
1588562924217,42.49566653591861,-6.691451742471024,3.5868403887088185,23.4012358095838,NaN,[object Object]
1588562924218,49.284365205035854,-8.272007801827993,5.061112658818033,30.739564500873776,NaN,[object Object]
1588562924220,20.66677456894925,-4.953316802315383,3.5456882247238286,23.27346571464951,NaN,[object Object]
1588562924221,-3.4668749551587337,-0.054711893044295135,-2.4076408882959273,8.37599832197602,NaN,[object Object]
1588562924260,0.8348561374934693,2.8605890793598916,-6.505883059567401,5.373960258092259,NaN,[object Object]
1588562924262,22.18341765167161,0.4605794523476565,2.887807706959838,18.04132875565931,NaN,[object Object]
1588562924264,27.00961448978173,-1.7103578364437486,4.4700366810008,20.190468869835453,NaN,[object Object]
1588562924266,6.196909745851148,-3.096106306132317,-2.385221977698394,11.61486651879267,NaN,[object Object]
1588562924268,-4.960070892625897,-2.6955855126731763,-0.9956923143753333,7.0018576464254245,NaN,[object Object]
1588562924269,12.017988887599628,0.8914947656739562,-2.5714574413985014,20.407892177680473,NaN,[object Object]
1588562924271,31.53915035156733,-0.9685134309447436,-2.60738366035301,44.38605176098302,NaN,[object Object]
1588562924273,40.15027369919444,-5.472915827326613,-1.2207738915361168,44.25986301299046,NaN,[object Object]
1588562924274,31.860498782931405,-7.643768399535252,-7.1964629791672685,26.92081003242589,NaN,[object Object]
1588562924276,-0.445127297122756,-8.492271538917063,-9.05819710290575,11.760136651278799,NaN,[object Object]
1588562924278,-8.169001163404808,-3.9367674687396392,-7.464455132590716,9.51624986037911,NaN,[object Object]
1588562924279,25.231648404312107,-0.657933113550177,-10.992429271806598,29.49095128301769,NaN,[object Object]
1588562924305,40.2562321105146,-3.985150289707911,-14.57206514116204,37.02532557839783,NaN,[object Object]
1588562924306,25.755002120259345,-4.909205426349945,-11.035778987042256,15.796126777242737,NaN,[object Object]
1588562924308,2.575248974756318,-1.1222300304749002,-4.1370570690565325,-0.07942367270308237,NaN,[object Object]
1588562924310,-1.8750797015988054,-0.32704047320693275,-1.5193372264658023,8.249727122352756,NaN,[object Object]
1588562924312,37.043857866580346,-3.006705299821215,-5.19923152049616,29.452044138145894,NaN,[object Object]
1588562924314,59.35303414877413,2.4665934487222385,-9.490915860039856,37.10503415545686,NaN,[object Object]
1588562924315,33.70214497127723,10.001619052080873,-6.37566718304694,17.975424642386265,NaN,[object Object]
1588562924317,15.433538773943402,4.408982596194042,-3.8377673624043496,-3.5770924755168254,NaN,[object Object]
1588562924318,11.846522492276701,-1.1186601866314614,-8.673163044450211,2.643195049387536,NaN,[object Object]
1588562924320,16.570247829959275,-2.5769945579313207,-11.142621906962374,23.684698130037894,NaN,[object Object]
1588562924321,35.637518270268316,-9.369605221160619,-8.708350881694138,33.06702261430659,NaN,[object Object]
1588562924323,34.587192518208255,-7.782274407601631,-6.487694449276695,30.46660755587105,NaN,[object Object]
1588562924352,8.065590259064615,2.913008158691009,-9.827627486008183,12.921195654069011,NaN,[object Object]
1588562924354,-4.378742036832733,4.38603148673183,-15.847131821984616,-2.991160321477044,NaN,[object Object]
1588562924356,16.383193803642364,-0.9107149018644656,-12.214026895327986,15.211133676693368,NaN,[object Object]
1588562924358,40.123140359321106,-2.1828396754776636,-8.823729895349587,35.7239114490139,NaN,[object Object]
1588562924360,34.159354597751694,-4.580289634327724,-16.193243001541042,22.906072085758765,NaN,[object Object]
1588562924361,7.34997490819369,-10.900338501396147,-14.608829533754598,5.358573947603715,NaN,[object Object]
1588562924363,-11.651700978597706,-11.245491751545536,-5.575232435140248,2.310937688724719,NaN,[object Object]
1588562924364,7.700215502823614,-3.8996884128248865,-6.777168028222645,8.70314780922041,NaN,[object Object]
1588562924366,40.319086347645296,3.364754045120671,-4.94037321671963,17.850564321959812,NaN,[object Object]
1588562924368,39.979976963957924,8.011079854444443,2.223345842363362,23.623666640646228,NaN,[object Object]
1588562924370,18.16366545413934,11.287642298950784,0.7481837966672424,22.529285520191287,NaN,[object Object]
1588562924372,5.78488925541429,11.633136762889302,0.705281509872533,15.700411661955997,NaN,[object Object]
1588562924396,25.59268610033105,7.911137719678123,4.312926222449397,26.351098810979302,NaN,[object Object]
1588562924397,49.63113344612722,3.267175074856594,3.0984638939176876,45.58994439634505,NaN,[object Object]
1588562924399,43.57796849777811,4.207049973565695,4.045764787129476,44.000719495600265,NaN,[object Object]
1588562924401,29.617128008167278,10.855775103255809,4.287862381701721,30.104554785579634,NaN,[object Object]
1588562924402,18.17891561652685,11.881105596418294,-0.5368543826779177,15.878179155409663,NaN,[object Object]
1588562924404,16.55192344016335,5.165987633384139,-1.6356265395898184,16.77353275866579,NaN,[object Object]
1588562924406,30.4016817013402,1.3672255622644063,-3.2379307675888733,26.78702943589146,NaN,[object Object]
1588562924407,39.69014019676908,1.4751658047297942,-6.999469003760975,26.90897673674859,NaN,[object Object]
1588562924409,30.40922916695672,2.262402889733097,-3.0633116380205743,21.85407631781944,NaN,[object Object]
1588562924411,5.409683224526921,4.09333651971009,-2.472957999004291,4.667043688057845,NaN,[object Object]
1588562924412,0.6980627871004792,2.694147494376546,-11.146991145425218,-2.3722612401255345,NaN,[object Object]
1588562924414,29.38743668627981,-0.9259323193265298,-11.455985294912658,18.422317377356272,NaN,[object Object]
1588562924440,45.31429844859521,-2.5143202262847284,-8.102028030822584,25.381098387963405,NaN,[object Object]
1588562924442,25.120340847490695,-2.167537909749605,-8.72787510433961,15.022537804829604,NaN,[object Object]
1588562924443,-1.919356740926533,-1.5317867017728857,-3.0791487720186375,10.097867208642054,NaN,[object Object]
1588562924445,4.129597344614222,-2.5326386010980104,-0.8025744407145251,16.670006000511854,NaN,[object Object]
1588562924447,38.33794473632259,-0.47413943843436424,-4.127879576687553,39.518103411299414,NaN,[object Object]
1588562924449,55.81787362612408,1.483317465489326,-1.9766911896599488,48.28426879616525,NaN,[object Object]
1588562924451,37.41107219280491,0.13453150984624096,-2.369702572938263,32.14656639264194,NaN,[object Object]
1588562924452,6.4310399219518715,2.946854132940031,-6.859818114968298,18.020558958062075,NaN,[object Object]
1588562924454,6.556902430964468,3.5517953126909623,-10.368343220793811,15.062566047363422,NaN,[object Object]
1588562924457,38.16158618981317,-0.3991516163874007,-10.14861095824427,29.229472886983647,NaN,[object Object]
1588562924460,51.41857238083519,-1.1153090264222834,-6.176974273156932,39.408424593521175,NaN,[object Object]
1588562924462,33.73514833598554,-3.2079933883701077,-6.782629430302546,23.169187859585506,NaN,[object Object]
1588562924496,7.175968916979475,-7.463091386949787,-7.593280554501943,7.136395010762987,NaN,[object Object]
1588562924498,-3.4256124768748544,-4.928199698457105,-6.778373955071519,7.277825074621693,NaN,[object Object]
1588562924500,19.43078731701597,2.113528331375822,-10.375678354245604,15.723575771378616,NaN,[object Object]
1588562924502,40.34179072461841,3.403820507644462,-10.533248555849957,26.184413057965315,NaN,[object Object]
1588562924504,23.78066313297537,-0.2703845292464613,-5.995446436962235,24.91426329998093,NaN,[object Object]
1588562924506,2.323069380248306,-1.9811912262802907,-2.4380386027191374,11.140769133756274,NaN,[object Object]
1588562924507,-1.4042642276191255,-0.8393437230313859,-3.6368935415296555,5.812353240988274,NaN,[object Object]
1588562924509,17.1590646385436,1.9300150189004714,-9.678756037690606,17.546106161883184,NaN,[object Object]
1588562924511,59.0189912527076,8.087487213066995,-10.922489103910866,31.802826042559055,NaN,[object Object]
1588562924512,62.16755987436458,10.874523150796977,-11.341085862849571,25.701904498007085,NaN,[object Object]
1588562924514,18.533382251474436,2.8886179934409375,-13.41663294727082,0.4829191382240694,NaN,[object Object]
1588562924516,-0.1075868274767513,-3.020262716373044,-7.459890890716801,-8.064634732334628,NaN,[object Object]
1588562924541,17.72240079362166,0.413108368127044,-1.5104472464404202,14.34704885924599,NaN,[object Object]
1588562924543,43.75670916758978,3.7892907737160337,-2.862383634923032,35.751544943508,NaN,[object Object]
1588562924545,46.84153994705336,6.786185113247646,-7.140268175270198,27.85024356628359,NaN,[object Object]
1588562924546,18.283770007031393,10.37887974716417,-8.01113133166774,7.425257499817102,NaN,[object Object]
1588562924548,-3.6613006520567466,9.24374279465577,-0.13590295056004686,2.8244648273597313,NaN,[object Object]
1588562924551,-0.6938178966351702,6.97735255958208,3.1575460827175634,14.328951519635812,NaN,[object Object]
1588562924553,22.351725467073102,6.781867146868058,-3.134311351302297,35.42551763042547,NaN,[object Object]
1588562924555,49.89011024210408,6.426444636310899,-2.6200406957908853,46.61419331316512,NaN,[object Object]
1588562924556,32.586019628962745,8.178556656313766,-0.027163244210611448,20.52748121114014,NaN,[object Object]
1588562924558,-7.942817955433538,9.894081501639238,-2.7493683297153604,-6.051614525126962,NaN,[object Object]
1588562924560,0.5792153706294005,7.938108452604677,-1.7255560591532362,12.566236643982162,NaN,[object Object]
1588562924561,30.07896708044126,2.832955109111399,0.7611858445998416,36.479514796728246,NaN,[object Object]
1588562924586,38.11735533419272,-2.6641422267835115,0.8318138962538069,36.45911614608706,NaN,[object Object]
1588562924588,24.489738591264462,-3.945106802634836,0.6343945532699492,26.312027837074726,NaN,[object Object]
1588562924589,0.0558856678911841,-6.098305041486087,0.21281763873884826,9.816652296479406,NaN,[object Object]
1588562924591,8.437785506416496,-6.908804543600932,-1.06544485697529,11.58319168709406,NaN,[object Object]
1588562924593,41.770755672370754,0.6925427653896259,-6.650712097360734,30.016832262565483,NaN,[object Object]
1588562924595,43.082713117359845,2.540377065533928,-14.321019613315048,27.659825516427453,NaN,[object Object]
1588562924596,4.371053594798848,-1.9392457451946445,-14.54470690201314,6.884809345644454,NaN,[object Object]
1588562924598,-29.49692221337408,-0.2878636913185406,-7.720600457213449,-9.665582077719915,NaN,[object Object]
1588562924600,-19.89335149937218,-0.4602378050310677,-1.4002930642456444,-6.092345621666929,NaN,[object Object]
1588562924601,13.270713818050783,-2.780946837043777,2.5799075778407548,16.779806039411348,NaN,[object Object]
1588562924603,31.802218342614903,0.5616432414484991,2.3747117390887174,30.752110007077835,NaN,[object Object]
1588562924605,15.811089835147643,2.8891510703636474,1.5443599649556718,18.722756813657114,NaN,[object Object]
1588562924631,-18.114347079113077,2.2448314403663794,4.8923910175006045,-1.6910054463435307,NaN,[object Object]
1588562924633,-19.664738701763383,1.177284956956285,5.200435128165817,-3.1413678793356716,NaN,[object Object]
1588562924635,11.176653155296375,-1.8737206775190685,0.9674309208506885,17.64934341709638,NaN,[object Object]
1588562924637,40.759752635444144,-1.4513004817613688,-0.7060700735812279,33.61303565551155,NaN,[object Object]
1588562924638,43.511160661675916,3.386246882732606,1.5118045238061124,24.913852693753235,NaN,[object Object]
1588562924640,4.4983737958441345,2.66534084412349,2.59968011296538,8.081616827545844,NaN,[object Object]
1588562924642,-14.919675402900172,-0.6269206810552883,-1.085392469783363,4.26412241757165,NaN,[object Object]
1588562924643,24.794286570514913,3.012764477077444,-6.409812188607952,15.120141867740095,NaN,[object Object]
1588562924645,48.39453715533473,4.461208037503409,-9.766369972603611,26.740330592623895,NaN,[object Object]
1588562924647,23.996859286307117,-1.2742168214171103,-10.639769229044227,15.498786003368846,NaN,[object Object]
1588562924648,-4.33523008725995,-6.956536771915663,-10.212685859971764,-6.935937152508935,NaN,[object Object]
1588562924650,-10.088432581918866,-10.097547156428432,-7.276103993997494,-7.416711973726773,NaN,[object Object]
1588562924678,16.18787836820183,-8.52807622715632,-2.202215724991333,10.020953519710666,NaN,[object Object]
1588562924680,48.55949659237052,-1.9563703891761137,-1.8734765101725595,26.72302455653834,NaN,[object Object]
1588562924682,46.176441942016524,7.570134579148912,-4.3900790931983655,25.801439982470427,NaN,[object Object]
1588562924684,15.845064977657632,9.582373587278795,-1.755480070526721,6.283813670386335,NaN,[object Object]
1588562924685,-3.081104744256372,1.6481761689601986,1.4160987990156664,3.331161936790683,NaN,[object Object]
1588562924687,15.69050418533186,0.16217469345720148,-0.23685294961149306,25.479307554947113,NaN,[object Object]
1588562924689,43.812638299836024,6.223961726038606,-1.8092370293210789,36.41198856320923,NaN,[object Object]
1588562924690,35.92204769450602,8.573390408176403,-5.896197712114397,23.682959914948178,NaN,[object Object]
1588562924692,4.196026867308814,3.740230577923069,-11.054391095971315,5.2699491155387,NaN,[object Object]
1588562924693,-14.305909484462196,-1.0802784344023875,-4.289647860881212,-1.175857705189011,NaN,[object Object]
1588562924695,-2.748454936631078,-1.6670481528518077,0.37218941777952197,7.418969344860331,NaN,[object Object]
1588562924697,28.36785954029674,-2.710087169731107,-5.007224351867224,25.62492859197277,NaN,[object Object]
1588562924732,41.898614679753585,0.5065784657156829,-0.8004228187913967,40.64516675737994,NaN,[object Object]
1588562924734,17.15763924742612,5.900121773717086,3.3018365335725592,20.914541455026203,NaN,[object Object]
1588562924736,-14.073909478089451,7.260765094246102,1.1356361377238238,-8.15459714971151,NaN,[object Object]
1588562924738,-8.923863286433427,9.524942951575973,3.89861763313283,2.294398161087866,NaN,[object Object]
1588562924740,25.946458263279958,8.242268886062199,3.9713605710272546,21.734081827965007,NaN,[object Object]
1588562924742,46.091501818072146,2.69981183145127,4.12299383842374,26.1399862750776,NaN,[object Object]
1588562924743,24.360781274065623,-1.5386015505058253,5.164982736952828,14.113152581477834,NaN,[object Object]
1588562924745,-12.971867336445385,-5.193695421465746,-0.21302889938629876,-9.867985780819765,NaN,[object Object]
1588562924746,-11.093355805789809,-2.1404288462873806,-3.879341126631606,-2.912972627026357,NaN,[object Object]
1588562924748,30.589356603113895,2.79504261290151,-4.05986798552122,27.87483798963987,NaN,[object Object]
1588562924749,46.84986145181248,-0.127383862124256,-4.098469912246568,32.6130545110921,NaN,[object Object]
1588562924752,18.34888959958895,-0.04921983220185233,-1.1329554190482198,12.143011769410037,NaN,[object Object]
1588562924767,-3.5459453732846713,4.0798065351121755,2.6709506834576064,-3.0087954939676984,NaN,[object Object]
1588562924769,5.037543951433049,2.4110322432486164,1.015953024245936,7.88957870865423,NaN,[object Object]
1588562924770,31.23254756292024,-0.7432652792331144,-2.1737749032049547,36.9037983857817,NaN,[object Object]
1588562924772,52.314681124643336,-1.6880399560654449,-0.2979794598627472,49.10850267533743,NaN,[object Object]
1588562924774,34.864187638308664,-3.069663910875386,-0.8299698696674038,30.084002287719155,NaN,[object Object]
1588562924775,-6.285413926049904,-4.375154672102167,-5.729099621627996,2.85357181726415,NaN,[object Object]
1588562924778,-10.564265585561358,-2.053268537280214,-5.1805216955575,-0.14872463099673805,NaN,[object Object]
1588562924781,24.989024474732553,0.46624414401220904,-1.0374406973168877,22.285551110672085,NaN,[object Object]
1588562924783,43.87491831601744,-2.787228517129573,-0.3103749270568024,32.853613335646344,NaN,[object Object]
1588562924785,25.607140617658658,-5.887846095782756,-2.5497214672842827,13.992105669941292,NaN,[object Object]
1588562924786,-5.75582524214451,-4.928634785512708,-4.978568032409481,-10.638852049247404,NaN,[object Object]
1588562924788,-22.523906314634164,-4.5294417246519405,-3.758617258726786,-16.202613951635183,NaN,[object Object]
1588562924823,2.953408927207656,-6.583211322553087,-2.323683581850063,2.4549445481712695,NaN,[object Object]
1588562924825,47.22153961521974,-6.908698825367418,-4.159562587154978,26.925574499388706,NaN,[object Object]
1588562924826,40.00665567680434,-2.2802751156109515,-4.618285732027774,24.168922084175875,NaN,[object Object]
1588562924828,-9.460222079534281,0.5672613176196297,-7.899197611163454,-3.993076849702865,NaN,[object Object]
1588562924829,-23.931665945969826,0.9235156202537073,-11.943948480714358,-16.394980697915603,NaN,[object Object]
1588562924831,6.556002080875794,3.663144638188119,-8.415320015556526,0.6278127934241962,NaN,[object Object]
1588562924833,32.39577225094906,2.9981878451070756,-5.094533606793782,23.892293746291287,NaN,[object Object]
1588562924834,29.93513947812886,0.48622545360089386,-4.013426783087457,27.295720064190743,NaN,[object Object]
1588562924836,3.695845610225648,0.7153854789359095,-2.23882165828915,9.21431496326583,NaN,[object Object]
1588562924838,-16.99929798089141,-1.8305689889812387,-2.875591923562531,0.6692462723452546,NaN,[object Object]
1588562924839,6.313736930299282,-4.345733586668198,-4.1639569677897486,19.116357011850216,NaN,[object Object]
1588562924841,52.62447600637835,-1.0639311417664823,-2.0597499826917405,42.8235823018105,NaN,[object Object]
1588562924868,56.85478038669588,5.33393744543003,2.1187917100204996,40.64817952100394,NaN,[object Object]
1588562924870,9.457154144836103,7.943584033929625,-1.0200340384301165,12.168969392738717,NaN,[object Object]
1588562924871,-22.116957241379396,2.172210149847547,-6.64482083923578,-3.1708313413649885,NaN,[object Object]
1588562924873,1.4239143521982225,-4.223699838633366,-4.168794661071704,14.52734247725072,NaN,[object Object]
1588562924875,41.732347835119995,-4.065887753224958,-0.20582026530503045,34.24090346000791,NaN,[object Object]
1588562924877,50.968245294683314,-2.058479840242408,2.6229550944997495,32.5802861189281,NaN,[object Object]
1588562924879,18.863112403738338,-2.5464166384470652,3.875434479554061,12.528531758624943,NaN,[object Object]
1588562924880,-9.430231043777896,-3.2856081683529914,3.617364454055976,-6.737170714666451,NaN,[object Object]
1588562924882,0.8807003140204257,-3.1558373426641597,4.674238800547853,0.9278140719711905,NaN,[object Object]
1588562924884,26.150611260827823,-5.714116757558357,3.084982830441671,20.82275359950469,NaN,[object Object]
1588562924886,38.3380982892357,-8.301540841759323,2.9439517422611745,24.603992186295386,NaN,[object Object]
1588562924889,13.202380854997154,-6.775664878839292,5.633988734033951,7.640397399007558,NaN,[object Object]
1588562924912,-22.395274684476416,-1.922349590500202,3.617738143197808,-15.31258925499194,NaN,[object Object]
1588562924914,-8.322508797098685,1.4348733190372762,0.4425729956293714,-8.94714977191439,NaN,[object Object]
1588562924916,32.059682231897426,-2.5121343089769628,-2.1144732888156827,18.02944649136954,NaN,[object Object]
1588562924918,37.11664644951644,-4.4860942445817376,-6.306583967477884,22.208493421725656,NaN,[object Object]
1588562924919,-0.25800388266487495,-4.016423731627434,-7.826571077444839,1.039162121827382,NaN,[object Object]
1588562924921,-31.25358430551605,-6.29691879744008,-5.9910693259067855,-18.142833959139658,NaN,[object Object]
1588562924923,-16.126881661673572,1.055621223194383,-2.131377703095982,-6.608603824789322,NaN,[object Object]
1588562924924,23.23605393113037,5.902864109001349,2.0547571404070446,27.352129601976767,NaN,[object Object]
1588562924926,42.951088534009806,-1.861049050953521,3.2263531628846476,35.99383179679697,NaN,[object Object]
1588562924927,23.09471144835327,-3.9120054865157075,3.6712114234249755,7.111604580395964,NaN,[object Object]
1588562924929,-9.030461644043243,-1.6770147731653307,6.580384736314286,-10.761588921180941,NaN,[object Object]
1588562924931,-6.115412053502532,2.3535294035011756,10.836316312964836,11.093051762404102,NaN,[object Object]
1588562924967,30.24799782605372,9.840608957445545,12.339601916349457,39.92963651027037,NaN,[object Object]
1588562924969,56.62204358587678,7.734863207299875,11.278221442021042,48.75834722696752,NaN,[object Object]
1588562924971,36.844011887486374,0.13654627160485022,12.523699973367831,33.52613859974508,NaN,[object Object]
1588562924972,-9.745406335408667,-1.604370264969854,11.96570378547498,6.450787741054542,NaN,[object Object]
1588562924974,-17.951582039253807,-1.952779008390068,7.232336844521857,6.272803889633283,NaN,[object Object]
1588562924975,20.196672457754055,-4.098130222229256,4.130152170286401,32.488057175860746,NaN,[object Object]
1588562924977,47.5040855438163,-4.111040112823609,1.5985730210430429,43.45258262634365,NaN,[object Object]
1588562924978,31.70407422372671,0.618893709711759,-0.22519074293907415,26.99251912265796,NaN,[object Object]
1588562924980,-8.97735574218377,2.69891222973844,1.0353604603616273,-0.3859814386100897,NaN,[object Object]
1588562924982,-21.926647926651928,-2.5367228220115576,0.2805354679770502,-12.442896245901421,NaN,[object Object]
1588562924983,11.723156640654816,-5.6810742093010695,-1.5275317796006909,5.946227423670651,NaN,[object Object]
1588562924985,36.92832109463819,-6.713882599054347,0.43110057998734663,29.34645241696747,NaN,[object Object]
1588562925005,23.778229598729535,-9.196979477445108,0.6928873723121977,26.464298200971847,NaN,[object Object]
1588562925006,-6.048656553685858,-4.276841377513347,-4.263317653007936,5.620408957399284,NaN,[object Object]
1588562925008,-21.257684324116326,4.141045054904444,-8.988431196927857,-5.360339320471826,NaN,[object Object]
1588562925010,6.796708575461972,4.987654724271721,-7.302001656481835,10.726872944780716,NaN,[object Object]
1588562925011,39.73865896176681,2.570567481478741,-2.84147777057431,35.89154125665083,NaN,[object Object]
1588562925013,29.286992456548774,1.5447487333285435,-2.0173727022025796,27.99010196512235,NaN,[object Object]
1588562925015,-2.970832144987213,0.2296643543891433,0.6205560684800955,-4.828647788331727,NaN,[object Object]
1588562925017,-20.539999196532573,-2.4103045099015845,0.8505328129343253,-12.355301575778391,NaN,[object Object]
1588562925019,3.3814387169847606,-3.956576314699932,-4.925843462359081,12.181745938139567,NaN,[object Object]
1588562925020,45.212548103860016,-1.4379349464023052,-6.3066044971981405,36.48043879553066,NaN,[object Object]
1588562925022,45.513675803984654,-0.9442820584159372,-9.213907600497649,34.643458940022015,NaN,[object Object]
1588562925024,4.302833998319391,-3.7635850865381917,-11.127802194504255,8.75093051084488,NaN,[object Object]
1588562925048,-21.00435403901028,-2.4442790874386415,-6.012529746468335,-7.393349716431736,NaN,[object Object]
1588562925050,1.1884213122804415,-1.6507073600773452,-8.61695772007228,5.7167732077531355,NaN,[object Object]
1588562925051,30.35979303399041,-1.4319400470017567,-11.823041309042559,26.259730604772173,NaN,[object Object]
1588562925053,29.019211251931146,3.6500042198817635,-8.007455142833127,22.887726582779436,NaN,[object Object]
1588562925054,1.630734593938394,3.231558520465688,-8.284839743942856,-4.614584988096427,NaN,[object Object]
1588562925057,-28.99488690170853,-1.632833573905643,-8.961066316081423,-24.811300516564014,NaN,[object Object]
1588562925058,-23.811218659503282,-0.8981706042127844,-6.806981346017956,-15.9981043964377,NaN,[object Object]
1588562925060,13.87051441066518,-1.9972110103048002,-5.945936614570976,10.410240399126124,NaN,[object Object]
1588562925062,32.26682899675562,-5.057022217514087,-8.224622940323094,18.858796042651324,NaN,[object Object]
1588562925064,6.773674196766361,-1.6670375938764692,-11.890220585150725,-2.7870376944419792,NaN,[object Object]
1588562925065,-24.305360547968384,0.6320010530096927,-10.501072460961392,-25.942683350074084,NaN,[object Object]
1588562925067,-20.38902523971882,1.236266660606225,-7.197126004378925,-26.52470313586544,NaN,[object Object]
1588562925106,4.986527700030945,4.732297826577517,-7.114877256677271,-3.405194610437234,NaN,[object Object]
1588562925107,18.73791498923373,-0.2941643665413807,-6.905217355081218,14.910025049043881,NaN,[object Object]
1588562925109,0.09493606342883343,-7.162169628639448,-5.994850388335608,2.338362902986356,NaN,[object Object]
1588562925111,-25.32791507940175,-3.24460097714607,-3.9338538538261267,-13.174519545259583,NaN,[object Object]
1588562925112,-15.7918458792191,0.9214137452686191,-2.2244965766453175,-0.024663806941581434,NaN,[object Object]
1588562925114,21.56331722333616,-0.35700297494708144,-4.5213224127134355,25.280227490320748,NaN,[object Object]
1588562925115,52.92550989128456,-1.9478078792302516,-5.382683352811575,36.14654701172086,NaN,[object Object]
1588562925117,40.705027229742484,0.036853681158277585,-6.031729626373178,23.652000989699708,NaN,[object Object]
1588562925119,-1.3179098425186506,-0.5281858789631201,-9.844074258225591,-0.8033879408685571,NaN,[object Object]
1588562925120,-1.6052855667976633,-2.0758859359698025,-8.337191634341387,-4.8107911620631905,NaN,[object Object]
1588562925122,37.954532750271945,2.313483034817201,-6.062751566858582,20.083591688680134,NaN,[object Object]
1588562925124,54.136053857565784,3.157563481904183,-8.170580842025373,37.811269222197424,NaN,[object Object]
1588562925149,37.83289260193539,6.412605413309359,-8.639499018130055,22.54632116436633,NaN,[object Object]
1588562925151,4.0246310563015815,12.11766890228795,-10.417628426793573,-7.367076906540665,NaN,[object Object]
1588562925152,-16.51744772643685,5.6417327928931,-10.936455964226536,-12.591616495764974,NaN,[object Object]
1588562925154,9.420807514140632,2.1335420604082036,-5.20490173157053,11.245451520454782,NaN,[object Object]
1588562925156,39.01918676275725,3.1920941312346924,-1.0594950739536286,28.828246453062924,NaN,[object Object]
1588562925158,24.16163493915017,-2.7280162471491165,-3.7938254347017977,23.078128456239682,NaN,[object Object]
1588562925159,-14.220217398436597,-0.29955590628709894,-7.311071736446426,-2.069147813914464,NaN,[object Object]
1588562925161,-25.654244947943525,4.52586772113688,-5.130119982635037,-22.25041392432697,NaN,[object Object]
1588562925163,6.984357437148708,-0.14919004508544154,-3.940771263138994,-5.273951522195115,NaN,[object Object]
1588562925164,37.072571173429594,2.7494088124598717,-5.854422461661882,23.29002164824178,NaN,[object Object]
1588562925166,29.909288136862948,8.067691959085431,-1.2544245079358785,18.23170492409203,NaN,[object Object]
1588562925168,0.5710164384738539,6.051951993934115,5.531380251691779,-7.897893885107046,NaN,[object Object]
1588562925193,-27.957210515926498,6.515222428111232,5.845800046416349,-18.629446140323637,NaN,[object Object]
1588562925195,-21.843787345919015,4.150554861141423,4.246698181185575,-6.639837005312633,NaN,[object Object]
1588562925197,18.01631231562758,-1.0186408946372065,3.802730257135922,13.028210385309695,NaN,[object Object]
1588562925199,32.824036425179685,-1.7813072788184203,1.956207872646698,16.991677179831512,NaN,[object Object]
1588562925200,5.425805502874292,-2.2967203305733035,2.039958049486767,-2.7773255350111183,NaN,[object Object]
1588562925202,-20.36567311502514,-2.622667970813797,1.9720570864076103,-16.949170507705134,NaN,[object Object]
1588562925204,1.9928586610841243,0.8908519929074264,-2.519191114955043,-1.8433677697538275,NaN,[object Object]
1588562925207,49.3177752216572,8.66103925293416,-0.38648170497349943,30.722696809392755,NaN,[object Object]
1588562925210,45.72810746501219,9.082532491927493,4.1934144294664035,40.930140252884186,NaN,[object Object]
1588562925212,5.129633843286365,0.461584193541301,-2.1356323064511846,9.141041394901098,NaN,[object Object]
1588562925214,-16.652549474205998,0.40664483554009423,-6.501848204393968,-14.891866708718094,NaN,[object Object]
1588562925215,-9.553454268586837,3.0025803558895263,-3.2984676799886596,-2.5345950778436404,NaN,[object Object]
1588562925239,24.816602582821666,1.1645107922339868,-0.10901482427062506,14.418623859571383,NaN,[object Object]
1588562925241,39.74730463431211,1.3854312469655432,3.842049890568976,19.496480386902675,NaN,[object Object]
1588562925243,1.2810271900828596,-2.9020685797057166,4.141938523248857,4.040654959079402,NaN,[object Object]
1588562925245,-36.545560061475086,-2.503492358828935,4.836631350073239,-22.12021311014621,NaN,[object Object]
1588562925246,-26.98814884338832,7.032821465166794,7.544306536954549,-18.376355546196294,NaN,[object Object]
1588562925248,6.989956427149538,6.347908288557971,1.6223684764238215,7.60057117801304,NaN,[object Object]
1588562925250,17.341084821667447,0.028984419876656675,-2.6901667298489604,12.402720140466357,NaN,[object Object]
1588562925252,-9.646850969590844,0.9498988325032598,-1.7553416906326462,-7.8661139238867,NaN,[object Object]
1588562925253,-39.79835389157683,2.631730654684247,-3.0997787273631987,-31.41322490073415,NaN,[object Object]
1588562925255,-38.816509806263,-0.5021714865706932,-0.44533332001984727,-32.750780318734456,NaN,[object Object]
1588562925257,-10.141933042048114,-4.635001038538172,1.010321324491493,-8.434958779061834,NaN,[object Object]
1588562925259,13.669814013634365,-7.280895539624625,0.031784887057456856,8.162759056094682,NaN,[object Object]
1588562925284,-4.170530538556989,-9.323510519912437,4.524859869093307,-2.3565413632213197,NaN,[object Object]
1588562925286,-42.22200219669106,-5.9307533552061855,4.127250100902583,-24.41306667346593,NaN,[object Object]
1588562925287,-33.30143327123672,1.758959679843311,-1.5074485065277548,-24.799354397800982,NaN,[object Object]
1588562925289,12.321379430043331,1.2866067612585719,-2.0605139455697086,1.4309787142102728,NaN,[object Object]
1588562925291,38.703830580335314,-3.7905628351493093,-0.9717012422203943,17.74369351187802,NaN,[object Object]
1588562925292,28.276949717089405,-1.3880630863393197,-0.12322313531104251,6.139234540803872,NaN,[object Object]
1588562925294,-8.802692783519516,3.9561448784383,-1.4352945407104942,-13.655462724385453,NaN,[object Object]
1588562925296,-24.39014760062742,5.372796588594569,-4.186344284991758,-12.032351913254164,NaN,[object Object]
1588562925298,7.609382346882624,-0.33573342569033615,-2.0586148232017267,12.087836407986067,NaN,[object Object]
1588562925299,39.09647850409045,-8.43891476411862,-0.12615350189737448,29.862565685661455,NaN,[object Object]
1588562925301,20.96836626565656,-7.724339464178815,-0.379232448861783,23.255702150606098,NaN,[object Object]
1588562925302,-21.960990025335903,-4.520241767877307,2.6668303320696296,0.9174835089604771,NaN,[object Object]
1588562925329,-32.10222719046964,-3.851740765385688,4.039884653637227,-8.829900586104667,NaN,[object Object]
1588562925331,-4.9265438143718026,-0.11872946005839768,1.2005565327813708,10.906572953001472,NaN,[object Object]
1588562925333,28.434974079400693,1.6647328624243924,-0.252037391684672,28.84737358103314,NaN,[object Object]
1588562925334,24.18123575297521,0.9570633708017953,-2.9704585364483105,13.561316467215388,NaN,[object Object]
1588562925336,-25.45195163589791,1.9097964659547417,-6.048559222987305,-10.17350739866292,NaN,[object Object]
1588562925338,-47.71900829522319,0.9573732945320117,-2.6120858209389133,-20.939775436785393,NaN,[object Object]
1588562925339,-9.24825654559429,-1.0901175273088726,1.465502482124955,-12.869884809560578,NaN,[object Object]
1588562925341,27.91632195845005,-1.3709969174036165,1.8365284105383144,15.956581273867272,NaN,[object Object]
1588562925343,16.854593436455925,-1.9870855073666798,2.195557948484543,20.0431487028158,NaN,[object Object]
1588562925344,-22.00551069750649,-4.357047386725631,1.4225152876399627,-10.414021820834433,NaN,[object Object]
1588562925346,-44.843107688117065,-3.7606485949697763,0.036520869112246834,-22.41940416395883,NaN,[object Object]
1588562925347,-21.794777447737207,0.8762182292760601,-0.5408845163662355,-4.8633881795056375,NaN,[object Object]
1588562925384,16.147000623625438,-0.14088022634368103,-2.3119465648215636,18.815528321218647,NaN,[object Object]
1588562925386,18.0984133818347,-2.335337697563536,-1.9692304633142317,23.900586462490693,NaN,[object Object]
1588562925388,-6.234147693576444,3.2063517400527495,-0.9677376899969008,-1.5313114542196224,NaN,[object Object]
1588562925390,-29.30745929194082,7.612140275832221,-5.921511183382559,-24.029890448783135,NaN,[object Object]
1588562925391,-13.831779377321345,10.871658535059202,-6.014883326745236,-9.915153555947462,NaN,[object Object]
1588562925393,34.107089965808115,12.067608302548452,4.505824396902691,21.7594637808729,NaN,[object Object]
1588562925395,41.80222014789145,4.313799035268035,7.704336318799678,29.975201973733775,NaN,[object Object]
1588562925396,5.562007656512882,-0.4329092647435324,0.1379940169522733,3.8096470345180524,NaN,[object Object]
1588562925398,-22.55883216351113,0.6251525194379447,-5.267552637415514,-18.77562733237236,NaN,[object Object]
1588562925400,-14.391484009402589,-1.2376053145480441,-6.4118426219813065,-3.009855762383257,NaN,[object Object]
1588562925401,20.874605840686606,-2.317123669977622,-4.636909704373599,21.335514970869824,NaN,[object Object]
1588562925403,41.234185366235295,-3.036184286597148,-2.256315578320723,22.140332867563934,NaN,[object Object]
1588562925430,20.57118628720552,-6.487686414829247,-1.3687031802097684,9.988857876650615,NaN,[object Object]
1588562925432,-16.202557285890812,-8.322471356066632,1.6713487218436296,-4.029899790703658,NaN,[object Object]
1588562925434,-16.34105278842174,-8.479570097960284,4.657053341213902,-1.8137940434133406,NaN,[object Object]
1588562925435,20.27288526448125,-7.98293819587167,4.324040058983725,16.150810570560424,NaN,[object Object]
1588562925438,43.801375254241016,-3.9582301910550606,0.21633009726235264,19.89930936638385,NaN,[object Object]
1588562925439,25.24028135669178,0.12767294048146627,-5.591582102596678,6.7781144137837215,NaN,[object Object]
1588562925441,-17.83028809031626,-0.43442455193895213,-3.5801586157026595,-8.774534304401106,NaN,[object Object]
1588562925442,-27.678223304459827,-2.1484674459592092,-0.12007261694896809,-12.116669775759199,NaN,[object Object]
1588562925444,11.852136125821685,-1.671186975236684,-2.9586939271979906,4.36273583225641,NaN,[object Object]
1588562925446,42.31210604835739,-0.438422982870991,-0.18562604452942866,19.01406510705678,NaN,[object Object]
1588562925447,16.940199763642205,-2.0553561554647306,5.602628182320697,10.858400778429745,NaN,[object Object]
1588562925449,-34.66465566926091,-4.011267985533428,3.8303249517232505,-11.003333841829589,NaN,[object Object]
1588562925475,-41.006477034319936,-1.7314543380901095,-2.590050713919125,-17.11445891644233,NaN,[object Object]
1588562925477,2.2917964521813428,0.15912274967628717,-4.9329999748086,4.954898943638326,NaN,[object Object]
1588562925479,28.83538318836173,0.33109163362210803,-1.639722552648567,22.373785549721724,NaN,[object Object]
1588562925480,11.629731828133647,0.3195246521737418,-1.1712470021848813,15.905511123864803,NaN,[object Object]
1588562925482,-15.654359809925221,-0.3278387637728677,0.9950599508998357,2.998897343831347,NaN,[object Object]
1588562925483,-19.833705530043222,-0.8672673782080371,4.652251687491629,-1.2469183019974504,NaN,[object Object]
1588562925485,6.203787681426685,0.09776515593806012,2.194881066772079,18.086819798201752,NaN,[object Object]
1588562925487,38.9342147611098,2.74387536729813,5.498658656216935,38.4336005798426,NaN,[object Object]
1588562925488,33.05556194158889,1.2854727336799479,8.940631243782303,29.214146298487826,NaN,[object Object]
1588562925490,-7.485254627219602,-0.2226984664265234,3.7661116570587634,11.030214432475763,NaN,[object Object]
1588562925492,-24.487417769797556,0.8146215063201283,3.559580583907432,-0.01090468344683515,NaN,[object Object]
1588562925493,4.670528434193761,-1.1465440304741148,3.3391864216931166,7.584641648441629,NaN,[object Object]
1588562925520,44.94310219462289,0.4959791909146962,-0.5958501730343448,30.859561806248664,NaN,[object Object]
1588562925522,42.67406601864795,1.3588848108341318,-0.18780991504536249,26.5397629149469,NaN,[object Object]
1588562925524,-3.5842572459883755,-3.639620482618932,-1.6355611420845595,-4.9880836117934955,NaN,[object Object]
1588562925526,-29.039712043633177,-3.645232383401047,-7.759899622261983,-18.93599258574313,NaN,[object Object]
1588562925529,-2.7582845199235724,-2.2259042052449276,-11.303832784002939,-3.5247617394658204,NaN,[object Object]
1588562925531,37.54607209683551,-1.0616199568462106,-8.476901233015832,22.43357089555352,NaN,[object Object]
1588562925534,41.11912883533207,4.126243021303194,-2.3096589451634792,26.333835856001755,NaN,[object Object]
1588562925536,8.485791828841341,2.5321559109785206,1.8129178735242522,-3.5090568519641643,NaN,[object Object]
1588562925538,-14.486314540092387,-1.2985781058252446,0.21861309333013046,-24.182861154094674,NaN,[object Object]
1588562925539,-12.815443941187237,1.2485077012317176,-2.555295392587896,-9.780489158856058,NaN,[object Object]
1588562925541,9.765704173493765,0.06319800575922208,-2.027665061016039,12.050314358382078,NaN,[object Object]
1588562925543,32.82862365732789,-0.9876109736148406,-2.0041308020696356,16.976789871128517,NaN,[object Object]
1588562925565,7.643394295344624,0.8963380875440887,-0.48521137096329336,-3.45748517528759,NaN,[object Object]
1588562925567,-40.78510063835315,-1.9453277644477445,0.024648880023435737,-34.092495997370605,NaN,[object Object]
1588562925569,-33.859843189127155,-3.0209797731743917,-4.413989739612469,-31.859553277879854,NaN,[object Object]
1588562925570,13.084618895785141,-2.2666679400571184,-5.617037974559127,1.036462484492187,NaN,[object Object]
1588562925572,23.173225630266046,-4.932570363329086,-1.1501269009619035,11.337697434951295,NaN,[object Object]
1588562925574,-4.594846581383772,-6.189397829036724,2.8696570722810546,-5.83694058028357,NaN,[object Object]
1588562925575,-24.22194386526122,-5.409701668799133,0.5915715504711068,-18.45886896112744,NaN,[object Object]
1588562925577,-21.763236555636396,-4.173164143267172,-1.6290791022398172,-15.832209560335539,NaN,[object Object]
1588562925579,4.203648020790399,-2.1293238975353805,1.3215972797944622,3.288157209526002,NaN,[object Object]
1588562925580,34.56618389695918,1.2578519934364598,1.0340555125988522,17.1079232420946,NaN,[object Object]
1588562925582,27.191913718512275,3.4628286828963555,-0.46949433678443664,9.814186116907132,NaN,[object Object]
1588562925583,-12.580330021186079,3.473105887759119,0.9379890465344503,-2.856643737318796,NaN,[object Object]
1588562925610,-23.238010620719212,8.340854648852106,2.085891864003151,-6.479328337122689,NaN,[object Object]
1588562925612,13.328911612005308,9.154167359322406,2.1101491096337455,11.1581474463617,NaN,[object Object]
1588562925613,41.51980592917065,-0.8812813904187582,1.9148542272817388,30.051283803827936,NaN,[object Object]
1588562925615,27.829519785863635,-5.249215280335357,1.9652924126464468,19.27704449604185,NaN,[object Object]
1588562925617,-5.187854502001382,-2.961002303134385,1.4371773305670672,-4.2155183252657835,NaN,[object Object]
1588562925618,-16.298954981925256,-0.26189852886452725,2.432851592483483,-8.069715619869655,NaN,[object Object]
1588562925620,15.144703901029121,1.9912659943800548,4.146654340429409,15.230421571630007,NaN,[object Object]
1588562925621,37.55889450843112,-1.9404127502639439,0.4819574438015264,27.386037397431043,NaN,[object Object]
1588562925623,9.49279817963918,-5.09020168477324,-8.305291700443567,3.666202902107422,NaN,[object Object]
1588562925625,-19.814034891672907,-1.5295705719519042,-9.43139075430712,-16.862901460354944,NaN,[object Object]
1588562925626,-19.18529240524992,2.4883277936608104,-1.4725605452279122,-14.395644465139902,NaN,[object Object]
1588562925628,7.538238397335414,3.881152739414632,3.20606492332703,4.73912584499573,NaN,[object Object]
1588562925666,38.531006021588055,1.5677362249118696,8.137457530802221,29.500576864708044,NaN,[object Object]
1588562925668,22.39210903623337,-3.5049135548191925,11.041932934992117,19.863181519867332,NaN,[object Object]
1588562925670,-15.645439421545573,-6.60861203641291,5.82237778768398,-13.200194223839983,NaN,[object Object]
1588562925671,-20.334098711318298,-6.458700443687394,3.03084490768814,-17.766708223999203,NaN,[object Object]
1588562925674,3.374683655772862,-6.074004464184312,0.893424826989803,1.0032180562163076,NaN,[object Object]
1588562925675,31.53512776683564,-2.075368004367559,-3.7717694813197737,20.28198083635799,NaN,[object Object]
1588562925677,26.892573620171646,1.573772808176225,-2.923852382647052,18.766778336506636,NaN,[object Object]
1588562925679,-13.906865646267141,-3.9227648508346133,-0.28150669293981256,-10.672423154370001,NaN,[object Object]
1588562925681,-38.1823001713937,-5.389008481580319,-2.6020991854020616,-20.91055099033289,NaN,[object Object]
1588562925683,-15.092334506488395,-3.3384371061630795,-5.903922328536238,3.386655577564282,NaN,[object Object]
1588562925684,29.492517076020413,-7.401421005140272,-3.170670644610124,26.638366692326713,NaN,[object Object]
1588562925686,40.34879328141882,-4.917732919674034,3.843206854157944,32.54415381919371,NaN,[object Object]
1588562925720,2.6089439275944297,-1.3384680508281166,2.796171341352793,16.33144924589791,NaN,[object Object]
1588562925722,-21.67176900330102,-2.5045907061954527,-4.265735972200911,-4.712219067842474,NaN,[object Object]
1588562925723,5.028343298694443,1.2374734585820168,-3.4934723677254853,1.1615792176244248,NaN,[object Object]
1588562925725,44.13336702544241,2.818655747156919,-0.5809633736879285,25.217227013043555,NaN,[object Object]
1588562925727,54.04468626170825,-0.7113446939491592,0.7550863346979306,34.733919447007814,NaN,[object Object]
1588562925729,17.059680084276607,-3.9988292196204167,4.622707650710895,14.047370042135519,NaN,[object Object]
1588562925730,-26.363977373290968,-3.9984505815937994,3.3338982479039396,-16.426762328639075,NaN,[object Object]
1588562925732,-14.06812876151313,-2.686856012264793,-0.7730322414077626,-15.197449981435835,NaN,[object Object]
1588562925734,21.47485911503704,-6.715424675436009,0.6203274470390272,11.450984984667361,NaN,[object Object]
1588562925736,24.85072155786671,-7.923603211235154,5.158973183018381,19.28899451120901,NaN,[object Object]
1588562925738,0.8685694547909248,-5.4527334967618,7.894140377171236,-1.0368147499609117,NaN,[object Object]
1588562925739,-35.86499163686659,-8.16729654198333,5.298103188430845,-28.16090031469001,NaN,[object Object]
1588562925759,-44.22298600223042,-9.100601092050564,1.8874199312092586,-31.419652430057816,NaN,[object Object]
1588562925761,-7.472754332327508,-7.620177804424319,1.0055731594636494,-5.298002362080126,NaN,[object Object]
1588562925762,13.039812488409389,-5.800128680024694,-0.7323900503746337,11.362595040559716,NaN,[object Object]
1588562925764,-9.972236990321457,-1.661892016315308,0.4628764456803015,1.5411741319473036,NaN,[object Object]
1588562925766,-43.27914872291693,-2.362707411292825,4.069274685554747,-17.240689081481623,NaN,[object Object]
1588562925768,-40.93074155768327,-2.9299976758111,4.026441026765582,-23.228124168207767,NaN,[object Object]
1588562925770,0.5998826642129309,0.6719184178909903,3.734993331548523,-1.546285353350072,NaN,[object Object]
1588562925771,30.171026648365523,1.295631790712458,5.151263636713318,18.550753018793504,NaN,[object Object]
1588562925773,16.16056037985868,1.0781524474803392,5.630906944713348,3.5072811468444662,NaN,[object Object]
1588562925774,-32.225414998713944,-2.4773746560543803,5.053023104291423,-24.080878130740768,NaN,[object Object]
1588562925776,-47.75886974602358,-4.533761917631085,4.134666201493121,-24.198092037215147,NaN,[object Object]
1588562925778,5.199726970458329,-0.43491295021995,2.874693995441392,8.341209367305991,NaN,[object Object]
1588562925801,52.249685532985524,-1.3088220983377405,1.49893669776886,31.773207205314424,NaN,[object Object]
1588562925803,44.2590761081924,2.7634592598940966,0.8206178839869134,22.16425810765689,NaN,[object Object]
1588562925805,6.646990080554521,10.304959526197397,-0.5543878908021055,5.1403974012678475,NaN,[object Object]
1588562925807,-3.1481174815579025,3.702371540982355,-1.0527741289511727,-4.766437300771555,NaN,[object Object]
1588562925809,35.59278133563162,0.40067097344303093,-0.3194208355943099,2.9964285680376923,NaN,[object Object]
1588562925811,60.30052638163044,6.106537093893388,-4.112832937875806,20.64567704267626,NaN,[object Object]
1588562925813,35.94655101100699,3.053863295993443,-5.930640788864984,14.273683634037441,NaN,[object Object]
1588562925815,-7.717617094109368,-2.8476141872252523,-0.9392052916483036,-7.6393128477941445,NaN,[object Object]
1588562925817,-30.75252160141493,-0.9894096456947928,-0.48873166866492235,-21.11566423224175,NaN,[object Object]
1588562925820,-10.143173607509576,2.730352568069822,-0.7069027401324989,-10.286880541829358,NaN,[object Object]
1588562925822,20.230289933528407,2.498357925915176,2.0211186191134534,12.167342112415916,NaN,[object Object]
1588562925823,10.200523280749833,2.6709880628791662,-2.1558778531189824,2.659830324485368,NaN,[object Object]
1588562925846,-29.109398907312702,2.908425049827564,-5.496936100096489,-26.613549908376175,NaN,[object Object]
1588562925848,-46.61479635425509,-1.4804458642694085,-4.780909079828161,-36.182290345664214,NaN,[object Object]
1588562925850,-19.951643696839117,-5.729132004248953,-3.6849044859780316,-15.261485682180435,NaN,[object Object]
1588562925852,19.88692674500128,-6.597500656201872,1.8493184677170302,15.532635013213454,NaN,[object Object]
1588562925855,32.81729869947522,-6.6943983469046735,3.399140564121181,17.525196982686378,NaN,[object Object]
1588562925859,3.9103024440673746,-6.486043353119734,-0.4814678292054231,-6.249453343562212,NaN,[object Object]
1588562925861,-35.27918356434065,-5.606633584737232,-1.6213794973837725,-23.086420997054162,NaN,[object Object]
1588562925863,-23.976675515162345,-5.165295824323725,-0.8897678434432419,-16.93158039392588,NaN,[object Object]
1588562925865,17.372165288682236,-2.4825577767922384,0.2595080893410069,2.97280784441541,NaN,[object Object]
1588562925866,29.65922391860903,0.6626086264867239,0.4212286747002968,12.860394465604081,NaN,[object Object]
1588562925868,10.094338932892029,-1.9542692908854877,0.34938890449000864,1.8549830404201213,NaN,[object Object]
1588562925870,-21.3669112682932,-1.7766387507188408,1.3607669582465483,-13.613825067521748,NaN,[object Object]
1588562925903,-17.580865920258223,0.9804275950378374,1.8547189407981466,-3.9390452751500913,NaN,[object Object]
1588562925905,21.21930135522023,-0.6318242072781914,1.0371307040551365,21.381186910399926,NaN,[object Object]
1588562925906,33.512983458541655,4.830132513784944,-0.04906639730344431,25.3578770858506,NaN,[object Object]
1588562925908,15.448090319104473,9.91508174536187,1.6747531583867912,7.50818437499635,NaN,[object Object]
1588562925910,-8.024675046250795,3.6223609471512463,4.028166217339118,-7.852795709823859,NaN,[object Object]
1588562925912,-13.971933226243998,0.4481971963610776,2.1622796398477395,0.12782262790240573,NaN,[object Object]
1588562925914,9.991366391744595,0.718405072178996,-0.5688607670660049,20.983697331462093,NaN,[object Object]
1588562925915,28.104825461955254,0.4729369250138207,-0.27235274005267707,22.155697647000814,NaN,[object Object]
1588562925917,12.02393222586733,5.20950173223495,-2.2610878401347603,3.7959474335315067,NaN,[object Object]
1588562925918,-16.51413004952124,7.402397268612107,-8.160147761584865,-21.45693454257743,NaN,[object Object]
1588562925920,-27.105670343283474,2.3478374422519104,-9.625080945163702,-33.09807081909521,NaN,[object Object]
1588562925922,-12.1656823229192,-1.1746831564625995,-5.180995150510346,-7.510765653052262,NaN,[object Object]
1588562925947,14.101360812809196,-0.8671459340965311,-3.5162085215811416,13.133876660719244,NaN,[object Object]
1588562925949,9.335822989206687,-4.52862143413452,-7.216429567358611,-7.846468015900706,NaN,[object Object]
1588562925951,-34.46244560928611,-7.6727607016700485,-5.999699856497635,-25.708442140610156,NaN,[object Object]
1588562925952,-51.65811831092127,-3.0099175547711856,0.24059952036197974,-14.79712733925022,NaN,[object Object]
1588562925954,-12.019238993826379,-2.588202984207864,-0.3812343388145665,5.811405566194093,NaN,[object Object]
1588562925956,26.135275574146082,-5.246892522291031,-4.291995615865482,16.954752110499285,NaN,[object Object]
1588562925957,12.92147863331521,-2.4551357067861552,-5.090715035745752,7.314852469365193,NaN,[object Object]
1588562925959,-26.258458208145086,-5.407672100850291,-5.359543731796495,-11.411128389626004,NaN,[object Object]
1588562925960,-42.02457888994416,-11.521067544391375,-7.743396582925781,-21.956076253188957,NaN,[object Object]
1588562925962,-12.579943570330236,-12.489606525215848,-9.950717065667947,-9.26633443343363,NaN,[object Object]
1588562925964,29.274151474624414,-9.445092183712802,-7.774552259659744,11.3661933887361,NaN,[object Object]
1588562925966,24.130084714351902,0.09453878973921359,-7.965951326066361,9.660173283156524,NaN,[object Object]
1588562925993,-16.827691024253376,5.197300481141294,-9.06940813444095,-3.976577673410368,NaN,[object Object]
1588562925994,-30.36930946635515,1.387466557856218,-3.463607315220837,-15.820799602442312,NaN,[object Object]
1588562925996,-1.1652885321007052,0.42972259483764996,1.045155288256585,-6.394426283636143,NaN,[object Object]
1588562925998,24.716940463403336,1.1563046438702858,2.980374603714248,17.666890375173796,NaN,[object Object]
1588562925999,14.559142782631078,2.2049061814212725,3.9131153686382527,11.26739816373168,NaN,[object Object]
1588562926001,-14.724888359126973,4.057123574530029,-0.6893953109054936,-14.132124940090275,NaN,[object Object]
1588562926002,-34.696914341999914,3.4220018540011345,-2.6315321018864037,-27.658600510931485,NaN,[object Object]
1588562926004,-13.333750672749174,3.5222964573622697,2.07098646574088,-14.581851727999165,NaN,[object Object]
1588562926006,39.30666139958436,5.921659417339751,3.4102804237561557,19.017294656071122,NaN,[object Object]
1588562926008,48.19668337140934,9.793370978300123,3.4849925612938972,20.02645066624047,NaN,[object Object]
1588562926010,-2.4583150294060268,8.268529183005896,2.94771922274791,-17.05883833081169,NaN,[object Object]
1588562926011,-36.84380339192745,0.8753232731034197,-2.427924690861884,-33.88943555810174,NaN,[object Object]
1588562926037,-18.506547653441324,0.22029938263531768,-1.3358443805514035,-15.229634995386814,NaN,[object Object]
1588562926039,15.173796008613857,1.8911397826219032,1.836514032594878,6.989334846287624,NaN,[object Object]
1588562926041,27.750299913387835,1.4007688260761075,0.10807310939645909,15.195893821057771,NaN,[object Object]
1588562926043,2.367662957808218,3.250154318087312,3.247384870353011,2.790609298852287,NaN,[object Object]
1588562926045,-33.85408684341598,0.09515329175477127,2.6387590275466652,-20.24019291429943,NaN,[object Object]
1588562926046,-24.20574806871545,-1.6139026985263674,-0.6447475744822788,-17.95004114720011,NaN,[object Object]
1588562926048,16.769356015457884,6.412918606919867,4.27030365415183,12.557956822699705,NaN,[object Object]
1588562926050,29.837805249628616,5.931695577555063,6.754180161537802,31.40881018985482,NaN,[object Object]
1588562926051,-0.5824140642381987,-3.0988291957260237,4.180334807849572,10.556080745928261,NaN,[object Object]
1588562926053,-30.243256125174838,-1.7984033049638315,2.2473143757201006,-14.855072729916877,NaN,[object Object]
1588562926055,-15.164182003330252,1.114578456984902,2.505008266099172,-1.282974531076988,NaN,[object Object]
1588562926056,20.144020752914383,-4.50146069401875,3.514143711265066,24.653451425303103,NaN,[object Object]
1588562926085,39.958212469701245,-5.87840001469074,3.220622735144362,31.911935730619913,NaN,[object Object]
1588562926087,21.439094120261174,-0.757992412455357,2.5627536995335283,10.001768703985338,NaN,[object Object]
1588562926088,-19.583021879614,1.5149099345381498,-0.6247207446756335,-15.995553014722864,NaN,[object Object]
1588562926090,-11.757617495635666,2.8299746693031884,0.4999846712280405,1.3303407747411367,NaN,[object Object]
1588562926091,30.742141921157135,3.1956386713743994,4.040606393402463,23.720893318628907,NaN,[object Object]
1588562926093,43.79450557570445,4.29044689229309,-0.3796902461005036,19.112138396834382,NaN,[object Object]
1588562926094,18.22956499364435,10.042752455985175,0.39713609301042396,8.89600213825205,NaN,[object Object]
1588562926096,-20.099806248894286,10.569556910686787,7.444397395200207,-13.017020917037652,NaN,[object Object]
1588562926097,-16.687391314769904,8.592129196903237,7.762988023380135,-17.221036639845117,NaN,[object Object]
1588562926099,15.952840517989776,9.051318607495253,3.811234236976059,7.406846093030543,NaN,[object Object]
1588562926101,29.227072649006182,5.39340168603164,-1.308298040412307,14.602490122425454,NaN,[object Object]
1588562926102,18.83166569250331,4.850936490525141,-3.6074276116707855,-1.9426708108817348,NaN,[object Object]
1588562926139,-22.80500080777771,8.750839703689527,-3.3624008854063288,-27.953964240701083,NaN,[object Object]
1588562926141,-43.863648184086045,8.108093973360027,-7.089798819476824,-37.3928864290045,NaN,[object Object]
1588562926143,-1.8314193538264405,5.0102362022135,-8.426041800014625,-14.359638418897463,NaN,[object Object]
1588562926144,34.409945085792785,4.834759091698711,-3.5894812926305426,4.348036500063827,NaN,[object Object]
1588562926146,19.003313431069408,5.734398514391278,-1.5361596174374959,-8.408382286521178,NaN,[object Object]
1588562926148,-22.19212040629686,6.788937784931727,-0.30685232687339,-33.00662903612708,NaN,[object Object]
1588562926149,-42.577740300800045,8.420977177550704,1.2790914235875785,-35.41164089957735,NaN,[object Object]
1588562926151,-16.942015534330896,6.635980392135165,-3.3816558336865157,-15.55315190179626,NaN,[object Object]
1588562926152,20.4560334925185,7.38371279959679,-6.555876828589607,-5.6428541264923116,NaN,[object Object]
1588562926154,16.910508135134975,9.78123170553804,-4.940072160690726,-17.411321293919755,NaN,[object Object]
1588562926155,-24.838674858315883,2.321640200928557,-4.921573399219283,-28.985524048886596,NaN,[object Object]
1588562926157,-42.539442174362094,-2.020038649076667,-5.015241282542041,-25.024868623061437,NaN,[object Object]
1588562926173,-13.756631758481838,4.809248387447239,-6.8858296358823265,-11.36378203913981,NaN,[object Object]
1588562926175,18.36980016715349,6.478205430135001,-6.991100597749524,11.04703179360519,NaN,[object Object]
1588562926176,16.082197197815532,-0.6522050673674222,2.41999757265029,20.714315483267722,NaN,[object Object]
1588562926179,-21.456817111455713,-7.985759898783548,7.487681550067567,-2.819528053640349,NaN,[object Object]
1588562926180,-42.51147182246282,-10.719875772577652,0.3860606324836753,-18.887245087798078,NaN,[object Object]
1588562926182,-12.071069482147157,-9.259570514622705,-1.5287867238236024,-1.2929239982258727,NaN,[object Object]
1588562926184,25.577890283814064,-6.711362142670586,4.264051213922091,18.62198449635009,NaN,[object Object]
1588562926186,22.87900073127469,-5.015012567120798,6.613604467123667,16.36921406415006,NaN,[object Object]
1588562926189,-6.2897898781825905,-6.278931211195233,8.082647508654906,-6.66558344971964,NaN,[object Object]
1588562926192,-22.237843110826194,-7.87512698740286,9.369012980777372,-26.79071635441769,NaN,[object Object]
1588562926193,-18.597730451013323,-5.735480932637973,9.113232578396076,-19.98808051583339,NaN,[object Object]
1588562926195,1.2727788629122099,-3.141468574024576,11.010202367362664,-2.389751783387676,NaN,[object Object]
1588562926229,16.17362127424734,-2.3264118062823496,7.009527668984267,-3.0585868189248213,NaN,[object Object]
1588562926231,-13.068893113380408,-2.089494860140668,-4.0877278310046865,-21.842136100876147,NaN,[object Object]
1588562926232,-43.52773634747082,-4.303236297469072,-9.047360621911935,-36.43459641748831,NaN,[object Object]
1588562926234,-25.267763954626375,-6.678424880784908,-5.274754653609277,-29.803980969970247,NaN,[object Object]
1588562926236,7.859100179364028,-4.768947035664583,-1.0328941962989653,-4.853827622706001,NaN,[object Object]
1588562926237,16.797866993740016,-2.8923649657529515,-2.4351938543116134,12.326082908963185,NaN,[object Object]
1588562926239,-8.72206546625052,-3.821684853372695,-2.9839295582205967,-5.898885233835021,NaN,[object Object]
1588562926240,-38.838625024903905,-6.013833393169074,-1.802037380724031,-30.37569337113083,NaN,[object Object]
1588562926242,-30.557991849683198,-8.946296857631953,-3.0937596141628183,-20.409570301417798,NaN,[object Object]
1588562926244,8.996523199511614,-7.969178940529102,-1.0501321886387136,0.544496668558228,NaN,[object Object]
1588562926245,26.798169168677347,-2.657416202278671,-2.186987880385123,2.837242178242348,NaN,[object Object]
1588562926247,-2.9296997838355203,-1.1652588824792858,-6.5884094537474445,-7.209478178320619,NaN,[object Object]
1588562926274,-31.217398481459337,-3.4424075707785624,-4.309592412296381,-17.42281971531899,NaN,[object Object]
1588562926276,-26.398777190913123,-3.3954597891474925,-3.2132173948882663,-18.7027614450089,NaN,[object Object]
1588562926278,-3.629291639643526,-2.590004151691663,-3.238173374687506,1.1913718206348172,NaN,[object Object]
1588562926279,26.725760195350635,-0.20047962876536551,0.7017596799710366,25.29408359841867,NaN,[object Object]
1588562926281,24.30840793468155,5.405529592602521,0.3240520135130611,17.78687321613198,NaN,[object Object]
1588562926284,-13.917417194864354,10.697544407331701,-5.604536262273879,-7.89895660595295,NaN,[object Object]
1588562926286,-23.942237736132633,10.132439063138651,-7.504871780468865,-14.142620855895462,NaN,[object Object]
1588562926287,2.4668655449536345,2.35090034119943,-3.353912583582885,7.18775732515577,NaN,[object Object]
1588562926289,27.478551459715842,1.6415918171358377,-1.4046753385203523,28.422124321620327,NaN,[object Object]
1588562926291,22.503403254564535,10.165477469683303,-0.7780465133472081,16.703542622802672,NaN,[object Object]
1588562926292,-9.834141258656247,12.071924309542151,-0.3981149298426545,-10.631137673577403,NaN,[object Object]
1588562926294,-26.61796996207797,7.357714986543474,-3.8280298267232906,-20.143168183391452,NaN,[object Object]
1588562926319,-11.37421442832365,6.300778220649595,-1.8510976756822604,-9.058997979305351,NaN,[object Object]
1588562926320,13.84547268868651,5.5146054500102455,4.549836629299705,5.41243476776424,NaN,[object Object]
1588562926322,17.37228134342925,-0.15025709861957637,6.2461948058401,0.4186266582464193,NaN,[object Object]
1588562926324,-19.692370396620838,0.4382897011728324,6.94674798790922,-20.901813022358617,NaN,[object Object]
1588562926326,-47.118210341577594,5.191202511875253,7.831977613694623,-34.08964947492319,NaN,[object Object]
1588562926328,-16.426833143279215,6.1715820695521995,9.98203476637455,-17.285179420059663,NaN,[object Object]
1588562926329,23.640515345350238,2.5768383288021313,12.462631113725923,14.549666430827573,NaN,[object Object]
1588562926331,24.713602494564277,-6.2007582954284395,11.554266417381433,13.93442284701727,NaN,[object Object]
1588562926332,-10.89023927780593,-0.054172418188731086,7.372065689615694,-15.752929578595197,NaN,[object Object]
1588562926334,-43.64602661842352,11.352028563599646,-0.6110778797581666,-32.84372122357393,NaN,[object Object]
1588562926335,-20.332762162097715,4.0103272687515465,-0.03335577726375716,-16.603056016393246,NaN,[object Object]
1588562926337,13.54858451716278,-0.4340307245156627,5.992154190526697,15.034121046853468,NaN,[object Object]
1588562926364,7.093579913545485,5.122318767982622,-0.24263102474234266,13.076722389806132,NaN,[object Object]
1588562926366,-9.416502839611232,6.912063667166925,-4.906971975465273,-15.809617724946145,NaN,[object Object]
1588562926368,-26.164275184990608,4.074972302436986,-0.6088534604192832,-21.883319951286197,NaN,[object Object]
1588562926369,-20.927445363023722,0.8201477111581509,1.3946411606765823,-9.795272076197328,NaN,[object Object]
1588562926371,6.991501750368734,-0.3533172535883199,-0.022063304345423855,3.880067854747666,NaN,[object Object]
1588562926372,10.147064509904801,-4.0656006574446675,-2.353663631584003,14.572350806190334,NaN,[object Object]
1588562926374,-7.645818825798111,-3.5567306410067245,-3.440358516002203,0.5324397590819965,NaN,[object Object]
1588562926375,-21.402162381712603,5.906853394969017,-3.6418149176383205,-22.18673178968584,NaN,[object Object]
1588562926377,-9.678121684705687,8.36846656349834,-0.42127732054287614,-15.976761312387953,NaN,[object Object]
1588562926379,23.220160597640398,2.043868305917396,4.383822412885576,3.938270454314,NaN,[object Object]
1588562926380,32.08484155552979,0.7996152888540955,5.124467448402255,7.995980355916124,NaN,[object Object]
1588562926382,1.5928044349052257,1.7251746722808727,5.539814853247507,-5.295345459302814,NaN,[object Object]
1588562926411,-35.987360725440084,-2.3172059926337947,7.771258998785591,-28.837773259908996,NaN,[object Object]
1588562926413,-36.94137791135577,-4.760594332041478,7.728736122897095,-39.924027742548525,NaN,[object Object]
1588562926415,-3.5653864574178975,-6.460039771978595,4.665573798284797,-18.90160750272856,NaN,[object Object]
1588562926416,9.222997289795167,-9.037592481599281,6.504110753343868,-1.5112410770736195,NaN,[object Object]
1588562926418,-25.5568236250557,-7.38010674196326,10.715349966938286,-21.11879255009137,NaN,[object Object]
1588562926419,-56.71980985135157,-7.748415146248255,8.098767603926774,-39.44876013646883,NaN,[object Object]
1588562926421,-43.56327456855868,-9.150690756111391,6.839644334573777,-31.89392330123338,NaN,[object Object]
1588562926423,-16.872293038021848,-5.306449129664891,11.943758066070147,-17.088855457384792,NaN,[object Object]
1588562926424,-1.50146680195422,-2.2346340748957627,14.868107290530833,-5.763256306884395,NaN,[object Object]
1588562926426,-11.56581229484214,0.06608071919666947,12.199602423638513,-11.727488263596877,NaN,[object Object]
1588562926428,-44.13331375538697,4.053811639663559,11.83596583468132,-28.852916191988516,NaN,[object Object]
1588562926429,-49.16403279528848,6.447262853867217,14.975085665040721,-33.16129595931154,NaN,[object Object]
1588562926462,-18.402622685564285,8.043708583934228,11.067112491599747,-19.346890242445205,NaN,[object Object]
1588562926464,3.989208496177375,6.252953116573032,5.249271549067359,-1.9472760470478159,NaN,[object Object]
1588562926466,-3.3286803839783774,0.07889998904816986,5.407079694720308,-2.661555132933057,NaN,[object Object]
1588562926468,-30.2168338903026,-2.1512363466428646,4.364293377014744,-19.64675302874247,NaN,[object Object]
1588562926469,-35.05068392144972,1.1244232063365778,2.5651801640056124,-27.116937456381127,NaN,[object Object]
1588562926471,-2.3138102676133503,6.226807073110317,1.789422337737743,-6.286347276207351,NaN,[object Object]
1588562926473,16.183516150618036,6.198429694587203,2.2401374946168606,19.097945440807695,NaN,[object Object]
1588562926474,-6.631433199450501,-1.5283525988963231,4.167111234574121,9.545637624813889,NaN,[object Object]
1588562926476,-40.31774786209382,-5.065199716285565,2.8012812898490624,-21.1152205446227,NaN,[object Object]
1588562926477,-48.89130090440128,-4.895007318216676,4.743944928745466,-28.887950556886874,NaN,[object Object]
1588562926479,-12.833914569994871,-3.4387423117118407,7.501804608441647,-1.1125586490658605,NaN,[object Object]
1588562926481,35.98831980170809,2.3474056516447273,5.155275471185079,29.91483482242919,NaN,[object Object]
1588562926499,32.57575648868507,2.141896229926817,5.432717784492988,24.174045485042107,NaN,[object Object]
1588562926501,-13.86584735227766,0.18673677804168798,3.397218696374077,-7.617087820918229,NaN,[object Object]
1588562926502,-35.79609687797136,-0.7340048198325839,0.7578910451408081,-21.56809241156271,NaN,[object Object]
1588562926504,-16.318584339040918,-6.162473735903694,3.4279876065537396,-8.748049971290174,NaN,[object Object]
1588562926506,8.962106120862924,-2.4016903893802013,1.422408963083748,1.600065055374359,NaN,[object Object]
1588562926508,7.511035758999506,4.3880478474045415,-3.9052234244541966,-4.854083985102106,NaN,[object Object]
1588562926509,-25.48898982921115,2.4228235424149456,-3.895827906559889,-20.258901568381688,NaN,[object Object]
1588562926511,-52.99608906104904,0.4581109410756504,0.21619684900697722,-32.576564589199336,NaN,[object Object]
1588562926513,-29.108212123576337,-1.9626061203279106,5.965205917489886,-19.49875969429855,NaN,[object Object]
1588562926515,4.759066213763941,-0.7550737191750354,8.598121574444104,2.793108918733073,NaN,[object Object]
1588562926518,-6.933011657572049,1.5353594354481324,4.705026118900557,-2.7977045272702306,NaN,[object Object]
1588562926521,-34.43970916452226,-1.1485630181858673,1.2973481392726498,-23.57959384670473,NaN,[object Object]
1588562926555,-54.31741293211576,4.3432327791877565,-0.86448055201258,-42.88562836498853,NaN,[object Object]
1588562926557,-44.81333866451431,7.9772380402918674,-3.5765395601055823,-41.79223424566841,NaN,[object Object]
1588562926559,0.6476017265412892,2.601381552308107,-1.7771874228791813,-13.704706637838134,NaN,[object Object]
1588562926561,17.944738795412285,4.0043141594809,-1.4418452936489166,-6.504912856303056,NaN,[object Object]
1588562926562,-15.920393184728061,3.812739276780376,-3.9291857782802495,-22.78391611616663,NaN,[object Object]
1588562926564,-51.371360423694696,-3.5205164033043657,-2.9092286977755446,-25.375031547071544,NaN,[object Object]
1588562926567,-37.41065214449978,-6.891448510136549,-2.026811609624525,-17.215059144984412,NaN,[object Object]
1588562926568,10.419958399705692,-1.9219267985267015,-2.7617778955976067,-3.6780464272206137,NaN,[object Object]
1588562926570,22.672913740925715,5.804410749664552,-6.786744135226458,4.083947124805484,NaN,[object Object]
1588562926572,-7.431512988636483,6.691763349882127,-10.44391736394333,-7.370341713034939,NaN,[object Object]
1588562926574,-36.25880604694191,6.203075986900996,-5.85419958174271,-20.78792646626957,NaN,[object Object]
1588562926575,-36.295779648606896,5.045205102467742,-1.514970548757599,-18.326124541561384,NaN,[object Object]
1588562926600,-2.2112824204225774,-2.6257843239630905,-1.4737482642716597,-0.14397514817357138,NaN,[object Object]
1588562926602,31.504925477641734,-3.9639949248694384,2.4865864739876162,21.529772552827527,NaN,[object Object]
1588562926604,15.812365061014393,2.351092700082889,4.722019504772668,19.337275141732434,NaN,[object Object]
1588562926605,-30.33919188681478,5.43375146996873,-0.18018471303971584,-10.815817742909838,NaN,[object Object]
1588562926607,-31.360673758352835,8.050921971418926,0.860487815896464,-17.303760877248116,NaN,[object Object]
1588562926608,4.0985475403053435,5.9257569762975395,5.185340243843323,6.748288165309537,NaN,[object Object]
1588562926610,16.88154228776575,-0.6428869822477767,2.75667990624775,14.924898022174455,NaN,[object Object]
1588562926611,9.081296832671898,1.303089526303527,3.0131411947311255,6.152640342110168,NaN,[object Object]
1588562926613,-15.948951096530156,6.882990285540343,2.1375622555300025,-13.710917713120962,NaN,[object Object]
1588562926615,-33.931072494314726,10.005885176826615,-5.9495436405698285,-24.557182180861403,NaN,[object Object]
1588562926617,-8.152693333366622,7.299451947478489,-8.104981916852383,-3.5251928974869244,NaN,[object Object]
1588562926618,18.937572546368,0.6906708102663672,-2.2267905812522395,11.88113512330797,NaN,[object Object]
1588562926645,9.332274195133955,2.2447538023516054,-0.7924111709976664,-0.13668108326872996,NaN,[object Object]
1588562926647,-18.085496868181956,3.7923992740990577,-2.805264078534674,-21.1553941731847,NaN,[object Object]
1588562926648,-37.08138571263555,0.7789422456363434,-0.5645481956881264,-27.64788980052623,NaN,[object Object]
1588562926650,-20.241772661212572,-3.895954044806773,-0.5721848958420334,-9.093477040346558,NaN,[object Object]
1588562926652,20.191312330419443,-8.476579312764711,-2.6939127925318602,10.529777739964869,NaN,[object Object]
1588562926654,19.66662165466845,-3.5413137333856515,-2.503412993193648,7.624224687744232,NaN,[object Object]
1588562926656,-22.387838942059943,-0.3329351479495972,-4.17007949341399,-14.935742078455938,NaN,[object Object]
1588562926657,-43.28903276871662,-4.403029943869905,-4.788927189442067,-26.021611941556603,NaN,[object Object]
1588562926659,-26.10460751821755,-4.852306250721006,-1.5976638310484912,-4.9726292971373445,NaN,[object Object]
1588562926660,13.246444518309582,-3.6392276598208206,1.2162963343593893,17.421393725241476,NaN,[object Object]
1588562926662,26.436660551046785,-4.548126359243436,0.0010219581537944666,14.036470555472242,NaN,[object Object]
1588562926664,-7.156302454925292,-6.5026501162708295,-0.611683825266315,-4.922772516963783,NaN,[object Object]
1588562926690,-28.842589503895013,-6.345147254471939,0.24580558956248622,-17.455545876400517,NaN,[object Object]
1588562926692,-12.938994640735416,-2.982545357482916,-4.848424405584556,-8.003347915668702,NaN,[object Object]
1588562926693,18.491688904372996,2.1674533326984715,-7.434913680863887,10.45579905883457,NaN,[object Object]
1588562926695,25.116033301221343,7.6677717275771435,-1.230768281866556,11.371200815809932,NaN,[object Object]
1588562926697,-9.662531178965812,12.279616652067492,3.9142229439632796,-6.285523396545306,NaN,[object Object]
1588562926698,-36.07764018409796,12.193552934760769,2.727970217498253,-24.239093083687024,NaN,[object Object]
1588562926700,-27.95578906960541,8.158598677946184,-3.0538485332743983,-24.74851832868511,NaN,[object Object]
1588562926701,2.483209148551005,8.52403002204273,-6.735929267394189,-9.005985644470123,NaN,[object Object]
1588562926703,24.973542886767532,10.925764692340632,-3.7108999403483227,-0.7426272718390998,NaN,[object Object]
1588562926705,-11.622490564238976,8.173878744336594,1.212528085180334,-13.593331276593872,NaN,[object Object]
1588562926706,-66.20406208748321,3.865238772638289,2.9701178737910774,-30.938647460177243,NaN,[object Object]
1588562926708,-53.21873329448906,5.3017469596982885,1.5435081871132152,-24.61799115299224,NaN,[object Object]
