,Timestamp,0,1,2,3
0,1603243733.686884,-38.0859375,-28.3203125,-25.390625,-32.71484375
1,1603243733.6907902,-44.43359375,-26.3671875,-26.3671875,-30.76171875
2,1603243733.6946964,-41.50390625,-23.92578125,-26.3671875,-25.87890625
3,1603243733.6986027,-41.015625,-20.5078125,-26.3671875,-21.97265625
4,1603243733.702509,-34.66796875,-17.578125,-24.90234375,-22.4609375
5,1603243733.7064152,-26.85546875,-20.5078125,-26.3671875,-19.53125
6,1603243733.7103214,-29.296875,-22.4609375,-25.390625,-6.8359375
7,1603243733.7142277,-27.34375,-20.01953125,-23.92578125,-3.41796875
8,1603243733.718134,-23.92578125,-19.04296875,-22.4609375,-11.23046875
9,1603243733.7220402,-23.92578125,-20.5078125,-17.08984375,-20.5078125
10,1603243733.7259464,-20.99609375,-17.578125,-19.04296875,-25.87890625
11,1603243733.7298527,-23.92578125,-16.6015625,-22.94921875,-24.90234375
12,1603243733.733759,-16.11328125,-18.06640625,-25.390625,-21.97265625
13,1603243733.7376652,-14.16015625,-16.6015625,-24.4140625,-11.23046875
14,1603243733.7415714,-20.5078125,-20.99609375,-22.94921875,-19.04296875
15,1603243733.7454777,-17.578125,-23.4375,-27.34375,-32.71484375
16,1603243733.749384,-32.2265625,-21.97265625,-30.2734375,-31.25
17,1603243733.7532902,-36.1328125,-23.92578125,-32.71484375,-33.203125
18,1603243733.7571964,-28.3203125,-21.484375,-31.73828125,-36.1328125
19,1603243733.7611027,-20.99609375,-18.5546875,-32.2265625,-36.62109375
20,1603243733.765009,-11.23046875,-15.625,-31.73828125,-38.57421875
21,1603243733.7689152,-8.30078125,-14.6484375,-29.78515625,-36.1328125
22,1603243733.7728214,-7.32421875,-19.53125,-31.25,-26.85546875
23,1603243733.7767277,-5.37109375,-18.06640625,-29.296875,-23.4375
24,1603243733.780634,-13.671875,-14.16015625,-24.4140625,-26.3671875
25,1603243733.7845402,-31.73828125,-20.5078125,-24.4140625,-35.64453125
26,1603243733.7884464,-41.9921875,-26.85546875,-25.390625,-42.96875
27,1603243733.7923527,-48.828125,-26.3671875,-26.85546875,-33.69140625
28,1603243733.796259,-46.38671875,-28.3203125,-28.80859375,-26.3671875
29,1603243733.8001652,-28.80859375,-28.80859375,-31.25,-29.78515625
30,1603243733.8040714,-21.97265625,-22.94921875,-31.25,-25.390625
31,1603243733.8079777,-25.87890625,-22.94921875,-30.2734375,-14.6484375
32,1603243733.811884,-33.69140625,-26.85546875,-29.296875,-16.11328125
33,1603243733.8157902,-32.71484375,-28.80859375,-29.296875,-18.06640625
34,1603243733.8196964,-23.4375,-27.34375,-31.25,-20.99609375
35,1603243733.8236027,-31.73828125,-25.390625,-32.71484375,-33.69140625
36,1603243733.827509,-47.36328125,-27.83203125,-34.66796875,-38.0859375
37,1603243733.8314152,-45.41015625,-27.83203125,-33.203125,-33.203125
38,1603243733.8353214,-34.1796875,-28.80859375,-32.2265625,-29.296875
39,1603243733.8392277,-25.390625,-29.78515625,-35.15625,-21.97265625
40,1603243733.843134,-18.06640625,-30.76171875,-38.0859375,-19.04296875
41,1603243733.8470402,-21.97265625,-29.296875,-41.9921875,-26.85546875
42,1603243733.8509464,-32.71484375,-25.87890625,-40.52734375,-25.87890625
43,1603243733.8548527,-33.203125,-23.4375,-35.64453125,-24.90234375
44,1603243733.858759,-29.296875,-19.53125,-33.203125,-33.69140625
45,1603243733.8626652,-39.0625,-19.53125,-33.203125,-39.55078125
46,1603243733.8665714,-42.96875,-23.92578125,-38.57421875,-40.52734375
47,1603243733.8704777,-41.50390625,-25.390625,-42.48046875,-41.9921875
48,1603243733.874384,-41.50390625,-23.4375,-35.15625,-30.76171875
49,1603243733.8782902,-33.69140625,-24.90234375,-33.203125,-20.99609375
50,1603243733.8821964,-28.80859375,-24.4140625,-33.69140625,-20.01953125
51,1603243733.8861027,-30.76171875,-21.97265625,-29.296875,-22.4609375
52,1603243733.890009,-39.0625,-25.87890625,-30.76171875,-24.90234375
53,1603243733.8939152,-43.9453125,-29.296875,-30.2734375,-26.3671875
54,1603243733.8978214,-42.96875,-23.4375,-29.296875,-29.296875
55,1603243733.9017277,-42.48046875,-21.97265625,-34.66796875,-36.1328125
56,1603243733.905634,-38.0859375,-26.3671875,-32.2265625,-40.0390625
57,1603243733.9095402,-40.0390625,-26.3671875,-35.15625,-31.73828125
58,1603243733.9134464,-43.45703125,-23.92578125,-38.0859375,-21.97265625
59,1603243733.9173527,-33.203125,-24.4140625,-35.15625,-19.53125
60,1603243733.921259,-23.4375,-20.01953125,-34.66796875,-20.5078125
61,1603243733.9251652,-27.34375,-17.578125,-34.66796875,-23.4375
62,1603243733.9290714,-25.87890625,-19.53125,-37.59765625,-25.87890625
63,1603243733.9329777,-23.92578125,-17.08984375,-35.15625,-24.90234375
64,1603243733.936884,-20.99609375,-16.11328125,-34.66796875,-23.92578125
65,1603243733.9407902,-6.34765625,-15.13671875,-36.1328125,-28.3203125
66,1603243733.9446964,-12.20703125,-14.16015625,-34.66796875,-31.73828125
67,1603243733.9486027,-20.01953125,-13.18359375,-39.55078125,-23.4375
68,1603243733.952509,-27.34375,-16.11328125,-39.0625,-16.11328125
69,1603243733.9564152,-25.390625,-19.04296875,-33.69140625,-20.01953125
70,1603243733.9603214,-14.6484375,-18.06640625,-33.203125,-21.484375
71,1603243733.9642277,-16.11328125,-19.53125,-32.2265625,-21.484375
72,1603243733.968134,-18.06640625,-18.5546875,-30.76171875,-17.08984375
73,1603243733.9720402,-17.578125,-14.6484375,-29.78515625,-14.6484375
74,1603243733.9759464,-17.08984375,-14.6484375,-31.73828125,-18.06640625
75,1603243733.9798527,-14.6484375,-19.04296875,-34.66796875,-26.3671875
76,1603243733.983759,-20.5078125,-26.3671875,-37.59765625,-36.62109375
77,1603243733.9876652,-36.62109375,-28.80859375,-40.0390625,-38.57421875
78,1603243733.9915714,-43.45703125,-27.34375,-39.55078125,-34.66796875
79,1603243733.9954777,-34.66796875,-28.3203125,-35.64453125,-34.1796875
80,1603243733.999384,-36.1328125,-27.34375,-36.1328125,-37.109375
81,1603243734.0032902,-44.43359375,-23.4375,-38.0859375,-33.203125
82,1603243734.0071964,-40.52734375,-23.4375,-36.1328125,-27.34375
83,1603243734.0111027,-33.203125,-24.4140625,-31.73828125,-28.3203125
84,1603243734.015009,-37.109375,-21.97265625,-29.78515625,-24.4140625
85,1603243734.0189152,-43.9453125,-20.5078125,-29.78515625,-26.3671875
86,1603243734.0228214,-32.2265625,-20.5078125,-26.85546875,-27.34375
87,1603243734.0267277,-22.94921875,-17.578125,-25.87890625,-26.85546875
88,1603243734.030634,-30.76171875,-18.06640625,-27.34375,-30.2734375
89,1603243734.0345402,-24.90234375,-21.97265625,-30.2734375,-29.78515625
90,1603243734.0384464,-14.6484375,-22.4609375,-33.69140625,-34.66796875
91,1603243734.0423527,-12.6953125,-21.484375,-33.203125,-41.9921875
92,1603243734.046259,-16.11328125,-19.04296875,-37.59765625,-37.109375
93,1603243734.0501652,-24.90234375,-20.99609375,-43.9453125,-25.390625
94,1603243734.0540714,-19.53125,-23.4375,-36.62109375,-14.6484375
95,1603243734.0579777,-14.6484375,-21.97265625,-31.73828125,-15.13671875
96,1603243734.061884,-13.18359375,-23.4375,-35.64453125,-27.83203125
97,1603243734.0657902,-16.11328125,-30.76171875,-36.62109375,-36.62109375
98,1603243734.0696964,-28.80859375,-30.2734375,-34.66796875,-30.76171875
99,1603243734.0736027,-37.59765625,-29.296875,-34.66796875,-27.83203125
100,1603243734.077509,-43.9453125,-31.73828125,-41.50390625,-32.71484375
101,1603243734.0814152,-47.36328125,-32.71484375,-45.41015625,-39.0625
102,1603243734.0853214,-46.875,-32.2265625,-40.52734375,-40.52734375
103,1603243734.0892277,-43.9453125,-30.76171875,-39.55078125,-37.59765625
104,1603243734.093134,-47.36328125,-28.80859375,-37.59765625,-33.69140625
105,1603243734.0970402,-37.59765625,-27.34375,-36.62109375,-34.66796875
106,1603243734.1009464,-23.4375,-26.85546875,-35.15625,-37.109375
107,1603243734.1048527,-30.76171875,-23.92578125,-34.1796875,-38.57421875
108,1603243734.108759,-42.96875,-19.53125,-35.15625,-41.015625
109,1603243734.1126652,-43.9453125,-22.4609375,-35.64453125,-36.62109375
110,1603243734.1165714,-44.921875,-25.390625,-40.0390625,-34.1796875
111,1603243734.1204777,-39.0625,-21.484375,-40.0390625,-32.71484375
112,1603243734.124384,-30.2734375,-18.06640625,-34.1796875,-33.203125
113,1603243734.1282902,-36.62109375,-21.484375,-35.15625,-37.109375
114,1603243734.1321964,-36.1328125,-20.5078125,-36.62109375,-34.1796875
115,1603243734.1361027,-25.87890625,-18.5546875,-34.66796875,-27.34375
116,1603243734.140009,-21.97265625,-20.99609375,-33.203125,-26.3671875
117,1603243734.1439152,-20.01953125,-18.5546875,-33.203125,-27.34375
118,1603243734.1478214,-20.5078125,-14.16015625,-35.15625,-23.92578125
119,1603243734.1517277,-20.01953125,-12.20703125,-34.66796875,-18.06640625
120,1603243734.155634,-6.34765625,-10.7421875,-34.66796875,-12.20703125
121,1603243734.1595402,0.48828125,-11.23046875,-34.1796875,-12.6953125
122,1603243734.1634464,-12.20703125,-18.06640625,-34.1796875,-24.4140625
123,1603243734.1673527,-18.5546875,-20.01953125,-37.59765625,-26.3671875
124,1603243734.171259,-11.71875,-19.04296875,-37.59765625,-21.484375
125,1603243734.1751652,-18.5546875,-19.04296875,-32.71484375,-18.06640625
126,1603243734.1790714,-20.5078125,-18.5546875,-31.25,-13.18359375
127,1603243734.1829777,-20.01953125,-16.11328125,-33.203125,-20.01953125
128,1603243734.186884,-20.01953125,-11.23046875,-30.76171875,-25.390625
129,1603243734.1907902,-10.7421875,-11.71875,-29.296875,-19.04296875
130,1603243734.1946964,-5.37109375,-10.25390625,-31.73828125,-11.71875
131,1603243734.1986027,-15.13671875,-12.6953125,-30.76171875,-14.6484375
132,1603243734.202509,-26.85546875,-19.04296875,-25.390625,-20.99609375
133,1603243734.2064152,-35.64453125,-20.99609375,-23.92578125,-27.83203125
134,1603243734.2103214,-38.57421875,-21.97265625,-27.83203125,-29.296875
135,1603243734.2142277,-35.64453125,-24.90234375,-32.2265625,-30.76171875
136,1603243734.218134,-36.1328125,-30.2734375,-33.203125,-36.1328125
137,1603243734.2220402,-34.1796875,-30.76171875,-33.203125,-38.0859375
138,1603243734.2259464,-33.69140625,-26.85546875,-30.2734375,-41.50390625
139,1603243734.2298527,-36.1328125,-24.4140625,-28.80859375,-43.9453125
140,1603243734.233759,-36.1328125,-21.97265625,-28.80859375,-36.62109375
141,1603243734.2376652,-28.3203125,-21.97265625,-30.2734375,-35.15625
142,1603243734.2415714,-27.34375,-21.97265625,-32.2265625,-43.9453125
143,1603243734.2454777,-38.57421875,-23.4375,-31.25,-49.31640625
144,1603243734.249384,-50.29296875,-27.83203125,-34.66796875,-46.38671875
145,1603243734.2532902,-38.57421875,-27.83203125,-36.1328125,-38.57421875
146,1603243734.2571964,-38.0859375,-27.83203125,-37.109375,-40.0390625
147,1603243734.2611027,-36.62109375,-29.78515625,-37.59765625,-41.015625
148,1603243734.265009,-20.01953125,-29.296875,-35.15625,-35.64453125
149,1603243734.2689152,-20.99609375,-25.87890625,-38.57421875,-32.2265625
150,1603243734.2728214,-26.3671875,-22.4609375,-38.0859375,-30.2734375
151,1603243734.2767277,-24.4140625,-19.53125,-31.25,-27.83203125
152,1603243734.280634,-27.34375,-21.97265625,-34.66796875,-37.109375
153,1603243734.2845402,-33.203125,-20.5078125,-33.203125,-46.38671875
154,1603243734.2884464,-39.55078125,-20.5078125,-30.76171875,-41.9921875
155,1603243734.2923527,-48.33984375,-21.97265625,-31.73828125,-32.71484375
156,1603243734.296259,-41.9921875,-22.4609375,-33.203125,-31.25
157,1603243734.3001652,-35.64453125,-21.484375,-36.1328125,-39.0625
158,1603243734.3040714,-36.1328125,-18.5546875,-33.203125,-43.9453125
159,1603243734.3079777,-43.9453125,-22.94921875,-31.73828125,-45.8984375
160,1603243734.311884,-50.78125,-22.94921875,-32.71484375,-41.015625
161,1603243734.3157902,-42.48046875,-19.53125,-30.2734375,-34.1796875
162,1603243734.3196964,-36.62109375,-20.5078125,-27.34375,-34.66796875
163,1603243734.3236027,-32.2265625,-19.04296875,-27.83203125,-34.66796875
164,1603243734.327509,-32.2265625,-20.99609375,-27.34375,-31.73828125
165,1603243734.3314152,-37.59765625,-21.97265625,-26.3671875,-23.92578125
166,1603243734.3353214,-26.85546875,-15.13671875,-24.4140625,-18.5546875
167,1603243734.3392277,-25.87890625,-17.08984375,-30.2734375,-21.97265625
168,1603243734.343134,-29.296875,-18.5546875,-32.2265625,-26.3671875
169,1603243734.3470402,-33.203125,-10.25390625,-26.85546875,-28.80859375
170,1603243734.3509464,-32.71484375,-6.34765625,-24.90234375,-27.34375
171,1603243734.3548527,-31.25,-12.20703125,-29.296875,-24.4140625
172,1603243734.358759,-26.85546875,-18.06640625,-26.3671875,-27.34375
173,1603243734.3626652,-20.99609375,-20.99609375,-23.92578125,-30.2734375
174,1603243734.3665714,-21.97265625,-20.5078125,-29.296875,-30.76171875
175,1603243734.3704777,-21.484375,-15.13671875,-29.78515625,-23.92578125
176,1603243734.374384,-24.4140625,-8.30078125,-28.3203125,-18.5546875
177,1603243734.3782902,-28.80859375,-11.23046875,-35.15625,-29.296875
178,1603243734.3821964,-24.90234375,-12.6953125,-39.0625,-36.62109375
179,1603243734.3861027,-23.92578125,-14.6484375,-35.15625,-35.15625
180,1603243734.390009,-30.2734375,-20.5078125,-34.1796875,-31.25
181,1603243734.3939152,-29.296875,-18.5546875,-35.15625,-32.2265625
182,1603243734.3978214,-26.3671875,-17.578125,-36.1328125,-32.71484375
183,1603243734.4017277,-28.80859375,-20.01953125,-37.59765625,-33.203125
184,1603243734.405634,-34.66796875,-22.94921875,-35.64453125,-40.52734375
185,1603243734.4095402,-41.9921875,-20.5078125,-33.69140625,-41.50390625
186,1603243734.4134464,-40.0390625,-16.11328125,-35.64453125,-34.66796875
187,1603243734.4173527,-35.64453125,-17.08984375,-38.0859375,-35.15625
188,1603243734.421259,-24.90234375,-15.625,-37.59765625,-39.55078125
189,1603243734.4251652,-24.90234375,-13.18359375,-35.15625,-43.45703125
190,1603243734.4290714,-30.2734375,-11.71875,-32.71484375,-38.0859375
191,1603243734.4329777,-27.34375,-12.20703125,-30.76171875,-29.296875
192,1603243734.436884,-32.2265625,-16.11328125,-28.80859375,-28.3203125
193,1603243734.4407902,-34.1796875,-16.6015625,-29.296875,-32.2265625
194,1603243734.4446964,-25.87890625,-17.578125,-27.83203125,-33.203125
195,1603243734.4486027,-19.04296875,-20.99609375,-27.34375,-30.2734375
196,1603243734.452509,-17.578125,-18.06640625,-32.71484375,-26.85546875
197,1603243734.4564152,-20.01953125,-15.13671875,-38.57421875,-29.296875
198,1603243734.4603214,-20.99609375,-16.6015625,-34.66796875,-30.76171875
199,1603243734.4642277,-19.53125,-17.08984375,-31.25,-27.34375
200,1603243734.468134,-21.484375,-21.484375,-29.78515625,-21.484375
201,1603243734.4720402,-22.94921875,-25.87890625,-26.85546875,-11.23046875
202,1603243734.4759464,-18.06640625,-20.99609375,-26.85546875,-5.859375
203,1603243734.4798527,-14.6484375,-13.18359375,-33.203125,-16.11328125
204,1603243734.483759,-22.94921875,-14.16015625,-37.59765625,-30.76171875
205,1603243734.4876652,-19.53125,-18.06640625,-31.73828125,-30.76171875
206,1603243734.4915714,-12.6953125,-17.08984375,-25.87890625,-22.4609375
207,1603243734.4954777,-13.671875,-20.01953125,-26.3671875,-22.94921875
208,1603243734.499384,-16.6015625,-24.90234375,-30.2734375,-32.71484375
209,1603243734.5032902,-15.13671875,-21.97265625,-28.3203125,-31.25
210,1603243734.5071964,-11.23046875,-20.5078125,-22.94921875,-24.90234375
211,1603243734.5111027,-20.5078125,-23.92578125,-23.92578125,-24.4140625
212,1603243734.515009,-26.3671875,-26.3671875,-25.87890625,-27.34375
213,1603243734.5189152,-32.2265625,-23.92578125,-27.83203125,-30.2734375
214,1603243734.5228214,-41.50390625,-25.390625,-30.76171875,-30.76171875
215,1603243734.5267277,-50.78125,-29.78515625,-34.66796875,-37.109375
216,1603243734.530634,-42.96875,-23.4375,-31.25,-31.73828125
217,1603243734.5345402,-28.80859375,-20.5078125,-26.85546875,-20.5078125
218,1603243734.5384464,-23.92578125,-22.94921875,-27.83203125,-17.08984375
219,1603243734.5423527,-23.4375,-19.04296875,-28.3203125,-23.4375
220,1603243734.546259,-29.296875,-23.92578125,-31.25,-30.2734375
221,1603243734.5501652,-34.66796875,-31.73828125,-36.1328125,-28.80859375
222,1603243734.5540714,-30.76171875,-29.296875,-33.203125,-18.5546875
223,1603243734.5579777,-27.34375,-26.3671875,-26.3671875,-20.01953125
224,1603243734.561884,-22.4609375,-26.85546875,-28.80859375,-28.3203125
225,1603243734.5657902,-23.4375,-25.390625,-32.71484375,-28.3203125
226,1603243734.5696964,-27.34375,-22.4609375,-23.92578125,-23.92578125
227,1603243734.5736027,-24.90234375,-20.99609375,-15.625,-23.92578125
228,1603243734.577509,-17.578125,-16.6015625,-16.6015625,-26.3671875
229,1603243734.5814152,-10.25390625,-15.13671875,-21.484375,-27.34375
230,1603243734.5853214,-17.08984375,-15.625,-26.3671875,-24.90234375
231,1603243734.5892277,-23.92578125,-12.6953125,-23.92578125,-21.484375
232,1603243734.593134,-22.4609375,-15.625,-20.01953125,-20.99609375
233,1603243734.5970402,-20.99609375,-17.578125,-20.99609375,-18.5546875
234,1603243734.6009464,-27.83203125,-20.5078125,-22.94921875,-22.4609375
235,1603243734.6048527,-33.203125,-18.5546875,-24.90234375,-36.1328125
236,1603243734.608759,-29.296875,-11.23046875,-23.92578125,-31.25
237,1603243734.6126652,-26.3671875,-7.8125,-18.06640625,-17.578125
238,1603243734.6165714,-31.73828125,-13.671875,-20.01953125,-25.390625
239,1603243734.6204777,-24.4140625,-18.5546875,-22.94921875,-32.71484375
240,1603243734.624384,-24.90234375,-20.5078125,-26.3671875,-38.57421875
241,1603243734.6282902,-33.69140625,-23.4375,-32.71484375,-43.45703125
242,1603243734.6321964,-36.1328125,-24.90234375,-36.62109375,-38.0859375
243,1603243734.6361027,-39.0625,-28.80859375,-37.109375,-28.80859375
244,1603243734.640009,-40.0390625,-31.25,-35.15625,-29.296875
245,1603243734.6439152,-39.55078125,-34.66796875,-40.0390625,-40.52734375
246,1603243734.6478214,-45.41015625,-30.76171875,-41.50390625,-37.109375
247,1603243734.6517277,-39.55078125,-26.3671875,-38.57421875,-30.76171875
248,1603243734.655634,-22.4609375,-24.4140625,-40.52734375,-31.73828125
249,1603243734.6595402,-16.11328125,-20.5078125,-40.52734375,-36.1328125
250,1603243734.6634464,-20.01953125,-18.5546875,-35.15625,-37.59765625
251,1603243734.6673527,-27.83203125,-19.53125,-32.2265625,-30.76171875
252,1603243734.671259,-29.296875,-20.01953125,-33.203125,-23.92578125
253,1603243734.6751652,-35.64453125,-22.4609375,-34.1796875,-29.78515625
254,1603243734.6790714,-33.203125,-20.99609375,-31.73828125,-31.73828125
255,1603243734.6829777,-23.4375,-19.04296875,-33.203125,-33.203125
256,1603243734.686884,-22.4609375,-16.11328125,-31.73828125,-33.69140625
257,1603243734.6907902,-31.25,-18.5546875,-29.296875,-32.2265625
258,1603243734.6946964,-32.71484375,-23.4375,-30.2734375,-33.69140625
259,1603243734.6986027,-23.92578125,-20.5078125,-29.296875,-31.25
260,1603243734.702509,-20.99609375,-26.3671875,-27.83203125,-29.296875
261,1603243734.7064152,-27.34375,-23.4375,-24.90234375,-25.390625
262,1603243734.7103214,-32.71484375,-14.6484375,-23.92578125,-29.78515625
263,1603243734.7142277,-29.296875,-16.6015625,-26.85546875,-31.73828125
264,1603243734.718134,-17.08984375,-17.08984375,-27.34375,-29.78515625
265,1603243734.7220402,-15.13671875,-19.53125,-30.2734375,-31.73828125
266,1603243734.7259464,-18.06640625,-23.92578125,-30.2734375,-27.34375
267,1603243734.7298527,-19.04296875,-22.94921875,-25.87890625,-14.16015625
268,1603243734.733759,-19.53125,-24.4140625,-26.85546875,-11.23046875
269,1603243734.7376652,-24.4140625,-26.85546875,-25.87890625,-18.5546875
270,1603243734.7415714,-23.92578125,-26.3671875,-27.34375,-25.87890625
271,1603243734.7454777,-21.484375,-27.34375,-28.3203125,-27.83203125
272,1603243734.749384,-40.52734375,-29.296875,-26.3671875,-20.99609375
273,1603243734.7532902,-48.33984375,-33.203125,-26.3671875,-14.16015625
274,1603243734.7571964,-32.71484375,-33.203125,-21.97265625,-12.6953125
275,1603243734.7611027,-26.85546875,-28.3203125,-22.4609375,-13.18359375
276,1603243734.765009,-26.85546875,-20.5078125,-23.92578125,-21.97265625
277,1603243734.7689152,-26.3671875,-18.5546875,-23.92578125,-24.90234375
278,1603243734.7728214,-27.34375,-21.484375,-25.390625,-23.4375
279,1603243734.7767277,-27.83203125,-19.04296875,-28.3203125,-29.78515625
280,1603243734.780634,-25.390625,-20.99609375,-31.25,-37.59765625
281,1603243734.7845402,-27.34375,-23.92578125,-28.80859375,-38.57421875
282,1603243734.7884464,-38.57421875,-24.90234375,-28.3203125,-32.71484375
283,1603243734.7923527,-45.41015625,-23.92578125,-26.85546875,-25.390625
284,1603243734.796259,-36.1328125,-22.94921875,-26.85546875,-27.34375
285,1603243734.8001652,-32.2265625,-20.5078125,-23.92578125,-36.62109375
286,1603243734.8040714,-32.2265625,-21.97265625,-20.99609375,-42.48046875
287,1603243734.8079777,-29.78515625,-21.484375,-22.4609375,-42.48046875
288,1603243734.811884,-35.64453125,-20.01953125,-25.87890625,-39.55078125
289,1603243734.8157902,-34.1796875,-22.4609375,-27.83203125,-36.62109375
290,1603243734.8196964,-21.97265625,-22.4609375,-30.2734375,-37.109375
291,1603243734.8236027,-15.13671875,-19.04296875,-33.203125,-40.52734375
292,1603243734.827509,-24.4140625,-18.5546875,-32.2265625,-44.921875
293,1603243734.8314152,-36.62109375,-20.01953125,-28.80859375,-35.15625
294,1603243734.8353214,-34.1796875,-19.04296875,-28.80859375,-25.390625
295,1603243734.8392277,-24.90234375,-21.484375,-26.85546875,-32.71484375
296,1603243734.843134,-19.53125,-21.97265625,-22.94921875,-35.64453125
297,1603243734.8470402,-25.390625,-21.484375,-27.83203125,-31.73828125
298,1603243734.8509464,-32.71484375,-18.5546875,-29.78515625,-28.3203125
299,1603243734.8548527,-39.55078125,-17.578125,-27.34375,-29.296875
300,1603243734.858759,-34.66796875,-25.87890625,-30.2734375,-27.83203125
301,1603243734.8626652,-25.87890625,-21.97265625,-31.73828125,-29.78515625
302,1603243734.8665714,-35.64453125,-17.08984375,-29.78515625,-35.64453125
303,1603243734.8704777,-33.69140625,-24.4140625,-29.296875,-29.78515625
304,1603243734.874384,-29.296875,-30.2734375,-32.2265625,-23.4375
305,1603243734.8782902,-30.76171875,-29.78515625,-33.69140625,-28.80859375
306,1603243734.8821964,-26.3671875,-25.87890625,-36.62109375,-31.25
307,1603243734.8861027,-22.4609375,-24.4140625,-35.15625,-26.3671875
308,1603243734.890009,-20.99609375,-19.53125,-26.85546875,-21.484375
309,1603243734.8939152,-25.87890625,-15.625,-22.94921875,-23.4375
310,1603243734.8978214,-21.97265625,-21.97265625,-24.90234375,-27.34375
311,1603243734.9017277,-21.484375,-26.3671875,-23.4375,-32.2265625
312,1603243734.905634,-27.34375,-12.6953125,-18.06640625,-26.85546875
313,1603243734.9095402,-33.203125,-14.16015625,-17.578125,-27.83203125
314,1603243734.9134464,-37.59765625,-21.97265625,-26.85546875,-32.71484375
315,1603243734.9173527,-56.640625,-29.296875,-21.484375,-41.50390625
316,1603243734.921259,-74.21875,-38.57421875,-25.390625,-64.453125
317,1603243734.9251652,-73.73046875,-22.4609375,-29.78515625,-68.84765625
318,1603243734.9290714,-101.07421875,-5.859375,-21.97265625,-81.0546875
319,1603243734.9329777,-135.25390625,-15.625,-23.4375,-120.60546875
320,1603243734.936884,-142.08984375,-5.859375,-32.2265625,-142.578125
321,1603243734.9407902,-189.453125,-1.46484375,-33.69140625,-193.359375
322,1603243734.9446964,-257.8125,-18.06640625,-38.57421875,-255.859375
323,1603243734.9486027,-288.0859375,-20.01953125,-25.390625,-282.2265625
324,1603243734.952509,-325.68359375,-25.390625,-31.25,-312.5
325,1603243734.9564152,-348.14453125,-33.203125,-33.69140625,-331.0546875
326,1603243734.9603214,-333.49609375,-26.85546875,-17.578125,-339.35546875
327,1603243734.9642277,-344.7265625,-28.3203125,-3.41796875,-354.00390625
328,1603243734.968134,-360.3515625,-39.0625,-9.765625,-349.12109375
329,1603243734.9720402,-348.14453125,-40.52734375,-20.99609375,-325.1953125
330,1603243734.9759464,-321.77734375,-41.9921875,-9.27734375,-298.828125
331,1603243734.9798527,-315.91796875,-44.43359375,-4.8828125,-288.0859375
332,1603243734.983759,-308.59375,-45.41015625,-9.765625,-270.99609375
333,1603243734.9876652,-291.9921875,-54.19921875,-7.8125,-246.58203125
334,1603243734.9915714,-278.3203125,-54.19921875,-0.9765625,-233.3984375
335,1603243734.9954777,-249.0234375,-47.36328125,-3.41796875,-219.23828125
336,1603243734.999384,-227.05078125,-42.96875,-6.8359375,-205.078125
337,1603243735.0032902,-208.49609375,-40.52734375,-9.27734375,-194.82421875
338,1603243735.0071964,-197.75390625,-44.921875,-18.06640625,-189.94140625
339,1603243735.0111027,-185.546875,-39.55078125,-22.4609375,-180.17578125
340,1603243735.015009,-165.52734375,-31.73828125,-18.5546875,-161.1328125
341,1603243735.0189152,-160.15625,-33.69140625,-20.99609375,-152.83203125
342,1603243735.0228214,-141.11328125,-25.87890625,-19.53125,-151.85546875
343,1603243735.0267277,-127.44140625,-21.484375,-14.6484375,-143.06640625
344,1603243735.030634,-132.32421875,-29.78515625,-12.6953125,-121.09375
345,1603243735.0345402,-122.0703125,-30.76171875,-12.20703125,-101.07421875
346,1603243735.0384464,-94.7265625,-27.34375,-11.71875,-94.7265625
347,1603243735.0423527,-75.1953125,-26.85546875,-13.671875,-86.9140625
348,1603243735.046259,-68.359375,-26.85546875,-13.18359375,-69.82421875
349,1603243735.0501652,-63.4765625,-25.87890625,-8.7890625,-57.12890625
350,1603243735.0540714,-56.640625,-24.4140625,-12.6953125,-49.8046875
351,1603243735.0579777,-37.109375,-24.90234375,-20.5078125,-40.0390625
352,1603243735.061884,-12.6953125,-29.296875,-19.04296875,-16.6015625
353,1603243735.0657902,-15.13671875,-35.64453125,-19.04296875,1.46484375
354,1603243735.0696964,-18.06640625,-35.64453125,-16.6015625,9.765625
355,1603243735.0736027,1.46484375,-33.203125,-18.5546875,22.4609375
356,1603243735.077509,26.3671875,-31.73828125,-26.3671875,37.59765625
357,1603243735.0814152,40.52734375,-32.71484375,-27.83203125,48.828125
358,1603243735.0853214,54.6875,-34.66796875,-27.34375,52.734375
359,1603243735.0892277,66.89453125,-33.69140625,-29.78515625,61.03515625
360,1603243735.093134,71.77734375,-32.2265625,-32.2265625,71.77734375
361,1603243735.0970402,87.40234375,-24.90234375,-36.62109375,77.63671875
362,1603243735.1009464,106.93359375,-20.5078125,-35.15625,84.9609375
363,1603243735.1048527,103.02734375,-24.4140625,-37.109375,90.8203125
364,1603243735.108759,86.42578125,-29.296875,-38.57421875,96.6796875
365,1603243735.1126652,88.37890625,-33.69140625,-36.62109375,104.4921875
366,1603243735.1165714,100.09765625,-30.2734375,-33.69140625,109.86328125
367,1603243735.1204777,111.328125,-23.92578125,-30.76171875,109.86328125
368,1603243735.124384,126.46484375,-17.578125,-32.71484375,116.69921875
369,1603243735.1282902,123.046875,-20.01953125,-39.55078125,119.140625
370,1603243735.1321964,116.2109375,-30.2734375,-39.55078125,115.234375
371,1603243735.1361027,123.046875,-29.78515625,-36.62109375,124.51171875
372,1603243735.140009,134.27734375,-27.34375,-36.62109375,120.60546875
373,1603243735.1439152,132.8125,-28.80859375,-38.57421875,107.91015625
374,1603243735.1478214,129.39453125,-23.4375,-37.109375,108.88671875
375,1603243735.1517277,125.9765625,-23.4375,-35.15625,114.2578125
376,1603243735.155634,129.39453125,-23.4375,-37.59765625,112.3046875
377,1603243735.1595402,140.625,-21.484375,-36.1328125,112.79296875
378,1603243735.1634464,140.13671875,-22.94921875,-33.203125,115.72265625
379,1603243735.1673527,130.37109375,-21.97265625,-30.2734375,116.2109375
380,1603243735.171259,121.09375,-20.99609375,-30.2734375,117.1875
381,1603243735.1751652,121.58203125,-15.625,-33.203125,112.3046875
382,1603243735.1790714,125.9765625,-15.625,-32.71484375,107.421875
383,1603243735.1829777,126.46484375,-18.5546875,-30.76171875,101.07421875
384,1603243735.186884,122.0703125,-16.6015625,-30.76171875,95.21484375
385,1603243735.1907902,106.93359375,-16.11328125,-31.73828125,94.23828125
386,1603243735.1946964,88.37890625,-16.11328125,-30.2734375,95.703125
387,1603243735.1986027,84.9609375,-16.11328125,-31.25,85.44921875
388,1603243735.202509,84.47265625,-18.5546875,-34.66796875,68.84765625
389,1603243735.2064152,82.03125,-19.04296875,-30.2734375,68.84765625
390,1603243735.2103214,72.75390625,-20.01953125,-26.3671875,69.3359375
391,1603243735.2142277,68.359375,-20.99609375,-33.69140625,66.40625
392,1603243735.218134,72.75390625,-19.04296875,-33.203125,62.01171875
393,1603243735.2220402,67.3828125,-13.18359375,-23.4375,53.7109375
394,1603243735.2259464,58.10546875,-17.578125,-20.99609375,53.7109375
395,1603243735.2298527,50.29296875,-23.92578125,-19.53125,58.59375
396,1603243735.233759,47.36328125,-23.92578125,-19.53125,55.17578125
397,1603243735.2376652,56.15234375,-22.94921875,-20.01953125,48.828125
398,1603243735.2415714,52.734375,-22.4609375,-18.5546875,45.8984375
399,1603243735.2454777,51.26953125,-19.53125,-15.625,47.36328125
400,1603243735.249384,44.43359375,-16.11328125,-19.04296875,43.9453125
401,1603243735.2532902,39.0625,-11.71875,-20.99609375,40.0390625
402,1603243735.2571964,41.50390625,-13.671875,-20.01953125,35.15625
403,1603243735.2611027,33.69140625,-16.6015625,-22.4609375,20.01953125
404,1603243735.265009,34.66796875,-10.7421875,-22.4609375,5.859375
405,1603243735.2689152,31.73828125,-10.25390625,-26.85546875,3.41796875
406,1603243735.2728214,24.90234375,-10.7421875,-29.296875,-0.48828125
407,1603243735.2767277,28.80859375,-7.32421875,-25.390625,-6.34765625
408,1603243735.280634,32.71484375,-5.37109375,-20.01953125,-11.71875
409,1603243735.2845402,26.85546875,-6.8359375,-17.578125,-14.16015625
410,1603243735.2884464,16.6015625,-10.7421875,-21.484375,-9.765625
411,1603243735.2923527,8.30078125,-11.23046875,-17.08984375,-4.39453125
412,1603243735.296259,-6.34765625,-12.20703125,-9.765625,1.46484375
413,1603243735.3001652,-10.7421875,-16.11328125,-15.625,-4.8828125
414,1603243735.3040714,-13.671875,-17.578125,-20.5078125,-15.625
415,1603243735.3079777,-32.2265625,-17.578125,-20.01953125,-18.5546875
416,1603243735.311884,-37.109375,-19.53125,-25.390625,-16.11328125
417,1603243735.3157902,-20.01953125,-18.06640625,-28.3203125,-13.671875
418,1603243735.3196964,-16.11328125,-17.578125,-30.2734375,-20.01953125
419,1603243735.3236027,-21.97265625,-15.13671875,-26.3671875,-21.97265625
420,1603243735.327509,-21.484375,-13.671875,-22.94921875,-18.5546875
421,1603243735.3314152,-26.3671875,-17.578125,-26.85546875,-15.625
422,1603243735.3353214,-23.4375,-17.578125,-29.296875,-12.6953125
423,1603243735.3392277,-17.08984375,-17.578125,-25.390625,-19.04296875
424,1603243735.343134,-18.06640625,-14.6484375,-20.99609375,-24.90234375
425,1603243735.3470402,-27.83203125,-15.13671875,-26.3671875,-22.94921875
426,1603243735.3509464,-32.71484375,-19.53125,-29.78515625,-17.578125
427,1603243735.3548527,-35.64453125,-21.97265625,-27.34375,-20.01953125
428,1603243735.358759,-30.2734375,-25.87890625,-24.4140625,-23.4375
429,1603243735.3626652,-23.92578125,-25.390625,-20.5078125,-27.34375
430,1603243735.3665714,-34.66796875,-23.4375,-16.11328125,-28.3203125
431,1603243735.3704777,-36.1328125,-23.4375,-15.625,-23.92578125
432,1603243735.374384,-29.78515625,-26.3671875,-19.53125,-24.4140625
433,1603243735.3782902,-34.1796875,-30.2734375,-23.92578125,-30.76171875
434,1603243735.3821964,-29.296875,-31.25,-22.94921875,-33.69140625
435,1603243735.3861027,-29.296875,-35.15625,-23.92578125,-31.73828125
436,1603243735.390009,-32.71484375,-32.2265625,-21.484375,-30.76171875
437,1603243735.3939152,-31.73828125,-26.3671875,-18.5546875,-29.78515625
438,1603243735.3978214,-24.90234375,-26.85546875,-19.04296875,-26.85546875
439,1603243735.4017277,-16.6015625,-27.83203125,-20.01953125,-27.83203125
440,1603243735.405634,-12.6953125,-25.87890625,-23.92578125,-38.57421875
441,1603243735.4095402,-12.6953125,-20.5078125,-24.4140625,-33.69140625
442,1603243735.4134464,-13.18359375,-18.5546875,-19.04296875,-29.296875
443,1603243735.4173527,-17.578125,-20.5078125,-18.5546875,-29.296875
444,1603243735.421259,-25.87890625,-16.6015625,-24.90234375,-36.1328125
445,1603243735.4251652,-39.0625,-15.625,-21.97265625,-42.48046875
446,1603243735.4290714,-40.52734375,-21.484375,-21.484375,-40.0390625
447,1603243735.4329777,-36.1328125,-20.01953125,-25.390625,-38.0859375
448,1603243735.436884,-29.296875,-13.671875,-23.92578125,-37.109375
449,1603243735.4407902,-26.85546875,-17.578125,-21.484375,-43.9453125
450,1603243735.4446964,-35.15625,-20.01953125,-24.4140625,-48.828125
451,1603243735.4486027,-33.203125,-14.6484375,-24.4140625,-41.50390625
452,1603243735.452509,-30.76171875,-14.16015625,-23.92578125,-34.1796875
453,1603243735.4564152,-37.59765625,-16.11328125,-27.34375,-35.15625
454,1603243735.4603214,-20.5078125,-12.6953125,-23.92578125,-39.55078125
455,1603243735.4642277,-7.8125,-13.671875,-21.484375,-39.55078125
456,1603243735.468134,-29.78515625,-20.5078125,-23.92578125,-49.8046875
457,1603243735.4720402,-40.0390625,-20.5078125,-25.87890625,-52.24609375
458,1603243735.4759464,-37.59765625,-23.92578125,-27.34375,-41.9921875
459,1603243735.4798527,-35.64453125,-23.4375,-31.73828125,-31.73828125
460,1603243735.483759,-31.73828125,-20.5078125,-32.2265625,-31.25
461,1603243735.4876652,-31.73828125,-25.390625,-26.3671875,-27.34375
462,1603243735.4915714,-35.64453125,-22.94921875,-24.90234375,-15.13671875
463,1603243735.4954777,-34.66796875,-22.94921875,-27.83203125,-18.5546875
464,1603243735.499384,-34.1796875,-29.78515625,-25.390625,-21.97265625
465,1603243735.5032902,-35.15625,-28.80859375,-20.99609375,-21.97265625
466,1603243735.5071964,-28.80859375,-23.4375,-20.99609375,-25.390625
467,1603243735.5111027,-26.3671875,-22.4609375,-18.5546875,-26.3671875
468,1603243735.515009,-24.90234375,-20.01953125,-17.578125,-22.94921875
469,1603243735.5189152,-20.01953125,-14.6484375,-22.4609375,-23.4375
470,1603243735.5228214,-15.625,-16.11328125,-26.3671875,-32.2265625
471,1603243735.5267277,-20.01953125,-20.01953125,-26.3671875,-33.69140625
472,1603243735.530634,-27.34375,-22.4609375,-26.3671875,-30.76171875
473,1603243735.5345402,-25.390625,-25.390625,-29.296875,-32.71484375
474,1603243735.5384464,-19.53125,-25.87890625,-29.296875,-30.2734375
475,1603243735.5423527,-23.4375,-23.4375,-26.3671875,-29.78515625
476,1603243735.546259,-38.0859375,-21.484375,-26.3671875,-36.1328125
477,1603243735.5501652,-43.45703125,-23.92578125,-27.34375,-40.52734375
478,1603243735.5540714,-36.62109375,-26.3671875,-33.203125,-40.52734375
479,1603243735.5579777,-26.3671875,-25.390625,-34.66796875,-41.50390625
480,1603243735.561884,-28.3203125,-22.94921875,-24.4140625,-37.59765625
481,1603243735.5657902,-37.59765625,-19.53125,-18.5546875,-35.15625
482,1603243735.5696964,-38.57421875,-20.5078125,-20.99609375,-35.64453125
483,1603243735.5736027,-39.55078125,-23.92578125,-23.4375,-26.85546875
484,1603243735.577509,-33.69140625,-23.92578125,-23.4375,-27.34375
485,1603243735.5814152,-31.73828125,-20.99609375,-21.97265625,-32.71484375
486,1603243735.5853214,-36.62109375,-18.5546875,-21.484375,-32.2265625
487,1603243735.5892277,-39.55078125,-22.4609375,-20.5078125,-22.4609375
488,1603243735.593134,-41.50390625,-26.85546875,-22.94921875,-18.06640625
489,1603243735.5970402,-26.85546875,-23.92578125,-21.97265625,-24.4140625
490,1603243735.6009464,-17.08984375,-26.85546875,-23.4375,-22.94921875
491,1603243735.6048527,-28.80859375,-28.3203125,-27.34375,-21.97265625
492,1603243735.608759,-38.57421875,-21.97265625,-25.390625,-15.625
493,1603243735.6126652,-44.43359375,-20.01953125,-22.4609375,-6.8359375
494,1603243735.6165714,-31.73828125,-21.484375,-22.94921875,-11.23046875
495,1603243735.6204777,-18.06640625,-20.99609375,-23.4375,-20.99609375
496,1603243735.624384,-18.06640625,-17.578125,-18.5546875,-20.01953125
497,1603243735.6282902,-19.53125,-17.08984375,-19.04296875,-18.06640625
498,1603243735.6321964,-18.5546875,-19.04296875,-22.4609375,-25.390625
499,1603243735.6361027,-21.484375,-19.53125,-24.90234375,-27.83203125
500,1603243735.640009,-25.390625,-18.06640625,-28.3203125,-37.59765625
501,1603243735.6439152,-20.5078125,-14.6484375,-26.3671875,-42.96875
502,1603243735.6478214,-29.78515625,-16.6015625,-25.87890625,-33.69140625
503,1603243735.6517277,-37.109375,-20.01953125,-27.83203125,-26.3671875
504,1603243735.655634,-30.76171875,-19.04296875,-21.97265625,-22.94921875
505,1603243735.6595402,-24.4140625,-14.6484375,-14.6484375,-23.4375
506,1603243735.6634464,-23.4375,-15.13671875,-21.97265625,-28.80859375
507,1603243735.6673527,-23.92578125,-18.06640625,-23.92578125,-27.83203125
508,1603243735.671259,-32.71484375,-16.6015625,-14.16015625,-22.4609375
509,1603243735.6751652,-38.0859375,-10.25390625,-10.25390625,-17.578125
510,1603243735.6790714,-26.85546875,-9.27734375,-12.6953125,-19.04296875
511,1603243735.6829777,-23.92578125,-11.71875,-15.13671875,-35.64453125
512,1603243735.686884,-26.85546875,-11.23046875,-17.578125,-39.0625
513,1603243735.6907902,-27.34375,-12.20703125,-19.04296875,-24.4140625
514,1603243735.6946964,-37.59765625,-16.6015625,-20.5078125,-23.4375
515,1603243735.6986027,-37.109375,-19.04296875,-21.97265625,-30.2734375
516,1603243735.702509,-27.83203125,-19.53125,-22.94921875,-35.64453125
517,1603243735.7064152,-35.15625,-21.484375,-23.92578125,-40.52734375
518,1603243735.7103214,-38.0859375,-21.484375,-20.99609375,-28.80859375
519,1603243735.7142277,-34.1796875,-16.6015625,-15.13671875,-19.04296875
520,1603243735.718134,-28.3203125,-12.20703125,-13.671875,-23.4375
521,1603243735.7220402,-28.3203125,-15.13671875,-18.06640625,-30.2734375
522,1603243735.7259464,-37.59765625,-14.6484375,-20.99609375,-31.73828125
523,1603243735.7298527,-44.921875,-10.25390625,-17.578125,-30.76171875
524,1603243735.733759,-41.015625,-12.6953125,-18.06640625,-28.3203125
525,1603243735.7376652,-37.109375,-14.16015625,-21.484375,-29.78515625
526,1603243735.7415714,-27.83203125,-12.20703125,-19.04296875,-38.0859375
527,1603243735.7454777,-22.4609375,-15.13671875,-20.01953125,-38.57421875
528,1603243735.749384,-32.71484375,-18.06640625,-24.4140625,-35.15625
529,1603243735.7532902,-30.76171875,-20.01953125,-22.4609375,-35.64453125
530,1603243735.7571964,-23.4375,-19.04296875,-23.4375,-35.15625
531,1603243735.7611027,-28.3203125,-15.13671875,-21.97265625,-35.15625
532,1603243735.765009,-35.15625,-17.578125,-21.484375,-43.45703125
533,1603243735.7689152,-39.55078125,-17.578125,-24.4140625,-40.0390625
534,1603243735.7728214,-40.52734375,-15.625,-26.85546875,-31.73828125
535,1603243735.7767277,-38.0859375,-21.97265625,-29.296875,-29.296875
536,1603243735.780634,-32.2265625,-25.87890625,-28.3203125,-30.2734375
537,1603243735.7845402,-26.3671875,-20.99609375,-21.97265625,-31.25
538,1603243735.7884464,-35.64453125,-20.5078125,-18.5546875,-23.4375
539,1603243735.7923527,-45.8984375,-25.390625,-16.6015625,-20.99609375
540,1603243735.796259,-36.62109375,-26.3671875,-19.04296875,-21.97265625
541,1603243735.8001652,-33.69140625,-18.5546875,-23.4375,-20.5078125
542,1603243735.8040714,-36.62109375,-17.08984375,-22.4609375,-21.97265625
543,1603243735.8079777,-33.69140625,-24.4140625,-23.4375,-20.99609375
544,1603243735.811884,-31.73828125,-21.97265625,-23.4375,-23.92578125
545,1603243735.8157902,-35.15625,-18.5546875,-27.34375,-23.92578125
546,1603243735.8196964,-32.71484375,-22.94921875,-31.73828125,-26.3671875
547,1603243735.8236027,-27.83203125,-22.94921875,-31.73828125,-33.203125
548,1603243735.827509,-34.66796875,-22.4609375,-30.2734375,-23.92578125
549,1603243735.8314152,-41.50390625,-21.97265625,-26.85546875,-19.04296875
550,1603243735.8353214,-37.59765625,-23.4375,-28.3203125,-27.34375
551,1603243735.8392277,-26.3671875,-25.390625,-28.3203125,-24.4140625
552,1603243735.843134,-26.3671875,-26.3671875,-26.3671875,-24.4140625
553,1603243735.8470402,-35.15625,-28.80859375,-25.87890625,-32.71484375
554,1603243735.8509464,-36.62109375,-21.97265625,-24.4140625,-26.3671875
555,1603243735.8548527,-29.78515625,-19.04296875,-23.92578125,-18.06640625
556,1603243735.858759,-29.296875,-20.01953125,-22.94921875,-20.5078125
557,1603243735.8626652,-33.203125,-19.53125,-23.92578125,-27.83203125
558,1603243735.8665714,-40.52734375,-25.87890625,-27.34375,-36.62109375
559,1603243735.8704777,-43.9453125,-27.34375,-28.80859375,-35.64453125
560,1603243735.874384,-39.0625,-16.6015625,-23.92578125,-23.92578125
561,1603243735.8782902,-33.69140625,-18.06640625,-19.04296875,-25.390625
562,1603243735.8821964,-31.73828125,-21.484375,-20.01953125,-37.109375
563,1603243735.8861027,-34.1796875,-15.625,-21.484375,-39.55078125
564,1603243735.890009,-38.0859375,-18.5546875,-21.97265625,-32.2265625
565,1603243735.8939152,-40.0390625,-22.94921875,-20.99609375,-24.4140625
566,1603243735.8978214,-34.1796875,-22.4609375,-29.78515625,-25.87890625
567,1603243735.9017277,-26.85546875,-27.34375,-34.1796875,-30.2734375
568,1603243735.905634,-28.80859375,-26.85546875,-26.85546875,-34.66796875
569,1603243735.9095402,-38.57421875,-18.5546875,-24.90234375,-41.50390625
570,1603243735.9134464,-37.59765625,-13.18359375,-25.390625,-38.0859375
571,1603243735.9173527,-26.85546875,-16.11328125,-24.90234375,-29.78515625
572,1603243735.921259,-25.390625,-23.92578125,-30.76171875,-32.71484375
573,1603243735.9251652,-26.3671875,-22.4609375,-29.78515625,-32.2265625
574,1603243735.9290714,-20.99609375,-17.08984375,-24.4140625,-23.92578125
575,1603243735.9329777,-22.94921875,-18.06640625,-24.90234375,-21.484375
576,1603243735.936884,-31.73828125,-21.97265625,-26.85546875,-27.83203125
577,1603243735.9407902,-22.94921875,-23.4375,-25.390625,-33.69140625
578,1603243735.9446964,-18.06640625,-23.92578125,-24.90234375,-37.59765625
579,1603243735.9486027,-39.55078125,-25.390625,-23.92578125,-37.109375
580,1603243735.952509,-51.26953125,-26.85546875,-20.99609375,-33.69140625
581,1603243735.9564152,-45.8984375,-28.3203125,-20.5078125,-31.73828125
582,1603243735.9603214,-38.57421875,-31.73828125,-24.4140625,-34.66796875
583,1603243735.9642277,-31.25,-29.78515625,-21.484375,-32.2265625
584,1603243735.968134,-31.25,-22.94921875,-19.04296875,-35.64453125
585,1603243735.9720402,-22.94921875,-18.5546875,-19.04296875,-33.69140625
586,1603243735.9759464,-14.6484375,-18.5546875,-17.08984375,-26.3671875
587,1603243735.9798527,-16.11328125,-24.90234375,-20.5078125,-31.25
588,1603243735.983759,-27.34375,-25.390625,-17.578125,-41.50390625
589,1603243735.9876652,-44.43359375,-24.90234375,-18.06640625,-43.45703125
590,1603243735.9915714,-45.41015625,-25.87890625,-21.97265625,-34.66796875
591,1603243735.9954777,-39.55078125,-26.3671875,-24.4140625,-34.66796875
592,1603243735.999384,-35.64453125,-25.87890625,-25.390625,-39.55078125
593,1603243736.0032902,-28.3203125,-24.90234375,-23.4375,-41.015625
594,1603243736.0071964,-26.85546875,-22.4609375,-22.94921875,-41.9921875
595,1603243736.0111027,-36.1328125,-24.4140625,-25.390625,-38.57421875
596,1603243736.015009,-35.64453125,-27.34375,-31.73828125,-32.71484375
597,1603243736.0189152,-27.34375,-32.2265625,-32.71484375,-30.2734375
598,1603243736.0228214,-32.71484375,-38.57421875,-26.85546875,-35.15625
599,1603243736.0267277,-37.109375,-33.69140625,-20.5078125,-35.15625
600,1603243736.030634,-32.71484375,-27.83203125,-20.01953125,-30.76171875
601,1603243736.0345402,-33.69140625,-26.85546875,-22.4609375,-30.76171875
602,1603243736.0384464,-34.66796875,-25.87890625,-21.97265625,-28.80859375
603,1603243736.0423527,-23.4375,-30.2734375,-25.390625,-38.0859375
604,1603243736.046259,-18.5546875,-31.73828125,-28.3203125,-40.0390625
605,1603243736.0501652,-19.04296875,-29.296875,-30.76171875,-32.71484375
606,1603243736.0540714,-11.71875,-27.34375,-31.25,-28.80859375
607,1603243736.0579777,-12.20703125,-25.87890625,-26.3671875,-30.2734375
608,1603243736.061884,-4.39453125,-24.90234375,-23.4375,-35.64453125
609,1603243736.0657902,0.48828125,-24.4140625,-23.92578125,-38.57421875
610,1603243736.0696964,-10.7421875,-22.94921875,-23.4375,-31.25
611,1603243736.0736027,-20.5078125,-22.4609375,-24.4140625,-22.4609375
612,1603243736.077509,-22.94921875,-22.4609375,-27.34375,-16.11328125
613,1603243736.0814152,-31.73828125,-24.4140625,-26.3671875,-15.13671875
614,1603243736.0853214,-33.69140625,-25.390625,-24.90234375,-20.5078125
615,1603243736.0892277,-37.109375,-32.2265625,-25.390625,-24.90234375
616,1603243736.093134,-41.015625,-32.2265625,-22.94921875,-19.04296875
617,1603243736.0970402,-33.69140625,-23.4375,-22.4609375,-15.625
618,1603243736.1009464,-24.90234375,-20.5078125,-22.94921875,-22.94921875
619,1603243736.1048527,-30.2734375,-21.97265625,-27.34375,-36.62109375
620,1603243736.108759,-39.55078125,-23.4375,-31.25,-34.66796875
621,1603243736.1126652,-31.73828125,-21.97265625,-34.66796875,-21.97265625
622,1603243736.1165714,-25.390625,-22.4609375,-38.57421875,-22.94921875
623,1603243736.1204777,-25.390625,-22.4609375,-30.2734375,-33.69140625
624,1603243736.124384,-24.4140625,-22.4609375,-22.94921875,-33.69140625
625,1603243736.1282902,-31.25,-27.34375,-25.390625,-32.71484375
626,1603243736.1321964,-35.64453125,-29.296875,-27.34375,-36.62109375
627,1603243736.1361027,-30.2734375,-25.390625,-27.34375,-36.1328125
628,1603243736.140009,-29.296875,-26.3671875,-26.3671875,-31.73828125
629,1603243736.1439152,-37.109375,-30.76171875,-28.3203125,-42.96875
630,1603243736.1478214,-34.66796875,-24.4140625,-29.296875,-49.8046875
631,1603243736.1517277,-34.66796875,-22.4609375,-29.78515625,-40.0390625
632,1603243736.155634,-35.15625,-26.3671875,-33.203125,-41.50390625
633,1603243736.1595402,-35.64453125,-26.3671875,-34.66796875,-45.8984375
634,1603243736.1634464,-38.0859375,-26.85546875,-28.80859375,-43.9453125
635,1603243736.1673527,-39.0625,-26.3671875,-30.76171875,-42.48046875
636,1603243736.171259,-41.9921875,-25.390625,-33.69140625,-42.96875
637,1603243736.1751652,-34.66796875,-28.80859375,-32.71484375,-39.55078125
638,1603243736.1790714,-28.3203125,-32.2265625,-34.1796875,-37.59765625
639,1603243736.1829777,-37.59765625,-27.83203125,-31.73828125,-41.015625
640,1603243736.186884,-37.59765625,-20.99609375,-30.76171875,-36.1328125
641,1603243736.1907902,-38.0859375,-21.484375,-29.296875,-31.25
642,1603243736.1946964,-41.50390625,-25.390625,-30.76171875,-29.78515625
643,1603243736.1986027,-26.85546875,-24.90234375,-33.203125,-34.1796875
644,1603243736.202509,-18.06640625,-26.85546875,-31.73828125,-30.76171875
645,1603243736.2064152,-29.78515625,-30.2734375,-35.64453125,-29.78515625
646,1603243736.2103214,-42.48046875,-29.296875,-35.64453125,-30.2734375
647,1603243736.2142277,-39.55078125,-31.73828125,-30.76171875,-27.83203125
648,1603243736.218134,-31.25,-31.25,-29.78515625,-29.296875
649,1603243736.2220402,-26.85546875,-22.94921875,-28.80859375,-31.73828125
650,1603243736.2259464,-18.06640625,-20.01953125,-28.80859375,-33.69140625
651,1603243736.2298527,-21.484375,-23.92578125,-29.296875,-30.76171875
652,1603243736.233759,-28.80859375,-26.85546875,-27.83203125,-29.78515625
653,1603243736.2376652,-22.94921875,-28.80859375,-30.76171875,-32.2265625
654,1603243736.2415714,-18.5546875,-25.390625,-25.390625,-32.71484375
655,1603243736.2454777,-25.87890625,-21.484375,-13.18359375,-30.2734375
656,1603243736.249384,-44.921875,-23.4375,-8.7890625,-24.4140625
657,1603243736.2532902,-45.41015625,-23.92578125,-12.20703125,-22.94921875
658,1603243736.2571964,-30.2734375,-24.4140625,-19.04296875,-28.3203125
659,1603243736.2611027,-32.2265625,-28.3203125,-22.94921875,-35.15625
660,1603243736.265009,-34.66796875,-28.3203125,-22.94921875,-39.0625
661,1603243736.2689152,-27.83203125,-25.87890625,-21.97265625,-34.1796875
662,1603243736.2728214,-24.4140625,-23.92578125,-16.11328125,-26.3671875
663,1603243736.2767277,-20.5078125,-24.4140625,-14.6484375,-23.4375
664,1603243736.280634,-20.01953125,-26.3671875,-16.11328125,-26.3671875
665,1603243736.2845402,-24.90234375,-26.3671875,-16.6015625,-33.69140625
666,1603243736.2884464,-27.83203125,-24.4140625,-20.99609375,-29.296875
667,1603243736.2923527,-27.83203125,-26.3671875,-20.5078125,-22.4609375
668,1603243736.296259,-27.83203125,-29.78515625,-17.578125,-23.4375
669,1603243736.3001652,-15.625,-22.94921875,-17.578125,-26.3671875
670,1603243736.3040714,-14.6484375,-20.5078125,-22.4609375,-26.3671875
671,1603243736.3079777,-30.2734375,-25.87890625,-26.3671875,-29.78515625
672,1603243736.311884,-36.62109375,-27.83203125,-27.83203125,-29.296875
673,1603243736.3157902,-34.1796875,-29.296875,-29.296875,-22.94921875
674,1603243736.3196964,-22.94921875,-30.2734375,-26.85546875,-24.90234375
675,1603243736.3236027,-29.296875,-28.80859375,-30.2734375,-30.2734375
676,1603243736.327509,-49.31640625,-31.25,-32.2265625,-27.34375
677,1603243736.3314152,-45.41015625,-34.1796875,-27.83203125,-22.4609375
678,1603243736.3353214,-32.2265625,-27.83203125,-25.87890625,-22.4609375
679,1603243736.3392277,-32.71484375,-26.85546875,-23.4375,-30.76171875
680,1603243736.343134,-34.66796875,-24.90234375,-23.4375,-39.55078125
681,1603243736.3470402,-35.64453125,-18.06640625,-21.97265625,-38.0859375
682,1603243736.3509464,-34.1796875,-20.99609375,-21.484375,-30.76171875
683,1603243736.3548527,-36.62109375,-22.94921875,-24.90234375,-33.203125
684,1603243736.358759,-30.76171875,-21.97265625,-25.390625,-38.57421875
685,1603243736.3626652,-27.34375,-21.484375,-24.4140625,-37.59765625
686,1603243736.3665714,-33.69140625,-20.01953125,-23.4375,-34.1796875
687,1603243736.3704777,-35.64453125,-18.06640625,-21.97265625,-24.90234375
688,1603243736.374384,-35.64453125,-20.99609375,-25.390625,-21.97265625
689,1603243736.3782902,-32.71484375,-23.4375,-31.73828125,-25.87890625
690,1603243736.3821964,-25.87890625,-17.578125,-29.296875,-26.3671875
691,1603243736.3861027,-34.1796875,-11.71875,-23.4375,-21.97265625
692,1603243736.390009,-38.57421875,-16.6015625,-21.97265625,-25.390625
693,1603243736.3939152,-37.59765625,-20.5078125,-24.90234375,-25.390625
694,1603243736.3978214,-32.2265625,-14.16015625,-28.80859375,-20.99609375
695,1603243736.4017277,-21.97265625,-12.20703125,-32.2265625,-30.2734375
696,1603243736.405634,-21.97265625,-14.16015625,-34.1796875,-32.71484375
697,1603243736.4095402,-36.1328125,-15.625,-34.66796875,-30.76171875
698,1603243736.4134464,-44.43359375,-15.13671875,-32.71484375,-30.76171875
699,1603243736.4173527,-20.99609375,-17.08984375,-28.80859375,-27.83203125
700,1603243736.421259,-9.27734375,-18.5546875,-28.80859375,-24.90234375
701,1603243736.4251652,-27.83203125,-17.578125,-28.3203125,-26.85546875
702,1603243736.4290714,-42.48046875,-22.4609375,-27.34375,-27.34375
703,1603243736.4329777,-47.36328125,-25.87890625,-35.64453125,-25.390625
704,1603243736.436884,-28.80859375,-23.4375,-38.0859375,-23.92578125
705,1603243736.4407902,-12.20703125,-25.390625,-38.57421875,-24.90234375
706,1603243736.4446964,-9.27734375,-25.390625,-39.0625,-25.390625
707,1603243736.4486027,-13.671875,-19.04296875,-32.2265625,-22.4609375
708,1603243736.452509,-19.53125,-18.06640625,-28.3203125,-18.5546875
709,1603243736.4564152,-19.04296875,-16.6015625,-26.85546875,-18.5546875
710,1603243736.4603214,-13.671875,-13.671875,-28.3203125,-23.4375
711,1603243736.4642277,-8.7890625,-15.625,-32.2265625,-31.25
712,1603243736.468134,-16.6015625,-15.625,-30.76171875,-29.296875
713,1603243736.4720402,-24.4140625,-15.13671875,-28.80859375,-22.94921875
714,1603243736.4759464,-31.73828125,-22.4609375,-32.2265625,-22.94921875
715,1603243736.4798527,-21.484375,-26.3671875,-29.296875,-25.390625
716,1603243736.483759,-17.08984375,-20.5078125,-24.90234375,-23.4375
717,1603243736.4876652,-27.83203125,-15.13671875,-26.3671875,-23.4375
718,1603243736.4915714,-28.3203125,-15.13671875,-32.2265625,-21.97265625
719,1603243736.4954777,-19.53125,-16.6015625,-34.66796875,-20.01953125
720,1603243736.499384,-9.27734375,-17.578125,-28.80859375,-20.99609375
721,1603243736.5032902,-20.5078125,-19.53125,-23.4375,-22.4609375
722,1603243736.5071964,-40.0390625,-19.53125,-22.94921875,-25.87890625
723,1603243736.5111027,-41.015625,-19.53125,-23.4375,-21.484375
724,1603243736.515009,-30.2734375,-23.4375,-25.390625,-25.390625
725,1603243736.5189152,-30.2734375,-26.85546875,-24.4140625,-30.76171875
726,1603243736.5228214,-36.1328125,-24.4140625,-23.4375,-32.2265625
727,1603243736.5267277,-36.1328125,-27.34375,-27.83203125,-39.0625
728,1603243736.530634,-37.59765625,-25.390625,-26.3671875,-30.76171875
729,1603243736.5345402,-36.1328125,-22.4609375,-29.78515625,-30.76171875
730,1603243736.5384464,-37.59765625,-24.90234375,-35.64453125,-39.55078125
731,1603243736.5423527,-26.3671875,-23.4375,-30.76171875,-38.57421875
732,1603243736.546259,-22.4609375,-20.5078125,-24.4140625,-39.0625
733,1603243736.5501652,-39.0625,-21.484375,-26.3671875,-33.69140625
734,1603243736.5540714,-39.0625,-25.390625,-27.83203125,-30.76171875
735,1603243736.5579777,-28.80859375,-30.2734375,-26.3671875,-34.66796875
736,1603243736.561884,-27.34375,-27.34375,-23.92578125,-35.15625
737,1603243736.5657902,-26.85546875,-22.94921875,-20.99609375,-28.80859375
738,1603243736.5696964,-26.3671875,-24.4140625,-22.94921875,-27.83203125
739,1603243736.5736027,-19.04296875,-24.90234375,-24.4140625,-23.92578125
740,1603243736.577509,-20.01953125,-26.3671875,-26.85546875,-18.06640625
741,1603243736.5814152,-27.83203125,-30.76171875,-27.83203125,-23.4375
742,1603243736.5853214,-29.296875,-27.83203125,-25.87890625,-29.296875
743,1603243736.5892277,-37.109375,-26.3671875,-28.80859375,-28.80859375
744,1603243736.593134,-37.109375,-24.90234375,-32.2265625,-25.390625
745,1603243736.5970402,-27.34375,-22.4609375,-23.4375,-23.92578125
746,1603243736.6009464,-20.5078125,-26.3671875,-21.97265625,-30.76171875
747,1603243736.6048527,-20.5078125,-26.85546875,-26.3671875,-32.2265625
748,1603243736.608759,-28.3203125,-25.87890625,-26.3671875,-31.73828125
749,1603243736.6126652,-33.69140625,-24.90234375,-26.85546875,-34.1796875
750,1603243736.6165714,-33.203125,-20.5078125,-24.90234375,-30.76171875
751,1603243736.6204777,-27.34375,-17.578125,-20.5078125,-30.76171875
752,1603243736.624384,-22.94921875,-18.5546875,-18.5546875,-34.1796875
753,1603243736.6282902,-30.76171875,-23.4375,-22.4609375,-41.50390625
754,1603243736.6321964,-36.1328125,-26.3671875,-24.90234375,-37.59765625
755,1603243736.6361027,-33.69140625,-21.97265625,-22.4609375,-27.83203125
756,1603243736.640009,-30.76171875,-18.06640625,-20.5078125,-28.80859375
757,1603243736.6439152,-30.2734375,-22.4609375,-25.390625,-35.15625
758,1603243736.6478214,-28.80859375,-23.92578125,-27.34375,-36.62109375
759,1603243736.6517277,-25.390625,-23.4375,-23.92578125,-30.2734375
760,1603243736.655634,-26.85546875,-25.87890625,-24.90234375,-34.1796875
761,1603243736.6595402,-32.71484375,-22.94921875,-25.390625,-39.55078125
762,1603243736.6634464,-36.62109375,-22.4609375,-23.92578125,-43.9453125
763,1603243736.6673527,-39.55078125,-22.94921875,-21.484375,-43.45703125
764,1603243736.671259,-37.59765625,-19.53125,-18.06640625,-34.66796875
765,1603243736.6751652,-35.15625,-20.01953125,-17.08984375,-30.2734375
766,1603243736.6790714,-30.2734375,-22.94921875,-17.08984375,-31.73828125
767,1603243736.6829777,-29.296875,-25.390625,-21.97265625,-28.80859375
768,1603243736.686884,-33.203125,-18.5546875,-21.484375,-28.80859375
769,1603243736.6907902,-32.2265625,-19.04296875,-15.625,-27.83203125
770,1603243736.6946964,-28.80859375,-27.83203125,-15.625,-21.97265625
771,1603243736.6986027,-21.484375,-26.3671875,-19.04296875,-26.85546875
772,1603243736.702509,-18.5546875,-20.01953125,-20.01953125,-35.64453125
773,1603243736.7064152,-38.0859375,-23.4375,-19.53125,-38.57421875
774,1603243736.7103214,-49.8046875,-32.2265625,-20.99609375,-40.0390625
775,1603243736.7142277,-41.015625,-29.296875,-20.99609375,-36.1328125
776,1603243736.718134,-29.78515625,-22.94921875,-18.5546875,-33.69140625
777,1603243736.7220402,-24.90234375,-22.4609375,-17.578125,-29.78515625
778,1603243736.7259464,-25.390625,-24.4140625,-19.04296875,-23.4375
779,1603243736.7298527,-28.3203125,-22.4609375,-16.6015625,-23.92578125
780,1603243736.733759,-28.80859375,-24.4140625,-16.6015625,-23.4375
781,1603243736.7376652,-30.76171875,-27.83203125,-18.06640625,-24.90234375
782,1603243736.7415714,-33.69140625,-29.296875,-20.01953125,-33.69140625
783,1603243736.7454777,-24.4140625,-26.85546875,-22.94921875,-34.66796875
784,1603243736.749384,-31.73828125,-20.99609375,-22.4609375,-29.78515625
785,1603243736.7532902,-44.921875,-19.53125,-20.5078125,-28.80859375
786,1603243736.7571964,-41.50390625,-23.92578125,-20.5078125,-23.92578125
787,1603243736.7611027,-40.0390625,-28.3203125,-23.92578125,-20.99609375
788,1603243736.765009,-41.9921875,-26.3671875,-25.390625,-28.80859375
789,1603243736.7689152,-44.921875,-27.34375,-25.390625,-33.203125
790,1603243736.7728214,-41.015625,-29.296875,-31.25,-30.76171875
791,1603243736.7767277,-40.0390625,-29.78515625,-34.66796875,-24.4140625
792,1603243736.780634,-38.0859375,-32.71484375,-34.66796875,-28.3203125
793,1603243736.7845402,-35.64453125,-29.296875,-34.1796875,-35.64453125
794,1603243736.7884464,-35.15625,-20.5078125,-28.80859375,-29.296875
795,1603243736.7923527,-36.62109375,-17.08984375,-28.3203125,-23.4375
796,1603243736.796259,-43.9453125,-21.484375,-32.2265625,-30.76171875
797,1603243736.8001652,-40.0390625,-25.390625,-31.73828125,-36.1328125
798,1603243736.8040714,-33.203125,-25.390625,-33.203125,-36.62109375
799,1603243736.8079777,-38.57421875,-24.4140625,-31.25,-38.57421875
800,1603243736.811884,-39.55078125,-26.3671875,-30.76171875,-39.55078125
801,1603243736.8157902,-22.94921875,-28.80859375,-35.64453125,-36.62109375
802,1603243736.8196964,-14.6484375,-28.3203125,-35.15625,-36.1328125
803,1603243736.8236027,-19.53125,-21.484375,-29.78515625,-46.38671875
804,1603243736.827509,-25.390625,-19.53125,-28.3203125,-52.24609375
805,1603243736.8314152,-22.4609375,-20.99609375,-25.87890625,-44.921875
806,1603243736.8353214,-12.20703125,-19.53125,-26.3671875,-42.96875
807,1603243736.8392277,-8.7890625,-19.53125,-30.2734375,-46.875
808,1603243736.843134,-18.5546875,-20.01953125,-24.90234375,-43.9453125
809,1603243736.8470402,-31.73828125,-25.390625,-23.4375,-35.64453125
810,1603243736.8509464,-36.1328125,-23.92578125,-29.296875,-27.83203125
811,1603243736.8548527,-44.921875,-22.4609375,-31.25,-28.80859375
812,1603243736.858759,-45.8984375,-24.90234375,-26.85546875,-33.69140625
813,1603243736.8626652,-36.62109375,-28.3203125,-27.34375,-33.203125
814,1603243736.8665714,-39.55078125,-26.85546875,-28.3203125,-36.62109375
815,1603243736.8704777,-47.36328125,-22.4609375,-27.83203125,-36.62109375
816,1603243736.874384,-44.43359375,-25.390625,-31.73828125,-34.66796875
817,1603243736.8782902,-31.73828125,-20.5078125,-28.80859375,-34.1796875
818,1603243736.8821964,-27.34375,-18.5546875,-27.83203125,-34.66796875
819,1603243736.8861027,-46.38671875,-21.97265625,-29.78515625,-40.52734375
820,1603243736.890009,-54.6875,-22.94921875,-25.390625,-39.0625
821,1603243736.8939152,-39.55078125,-23.92578125,-28.3203125,-33.69140625
822,1603243736.8978214,-31.25,-23.4375,-28.3203125,-27.34375
823,1603243736.9017277,-30.76171875,-21.97265625,-21.97265625,-30.2734375
824,1603243736.905634,-34.1796875,-20.5078125,-20.5078125,-38.0859375
825,1603243736.9095402,-41.015625,-21.97265625,-21.484375,-35.15625
826,1603243736.9134464,-44.921875,-25.390625,-24.4140625,-33.203125
827,1603243736.9173527,-38.57421875,-28.80859375,-24.4140625,-34.66796875
828,1603243736.921259,-31.73828125,-28.80859375,-27.34375,-34.1796875
829,1603243736.9251652,-30.76171875,-30.76171875,-30.76171875,-28.3203125
830,1603243736.9290714,-31.25,-35.64453125,-23.92578125,-20.01953125
831,1603243736.9329777,-35.64453125,-33.203125,-14.16015625,-15.625
832,1603243736.936884,-32.71484375,-29.296875,-13.671875,-19.53125
833,1603243736.9407902,-28.80859375,-30.76171875,-20.01953125,-27.34375
834,1603243736.9446964,-27.34375,-31.73828125,-18.5546875,-25.87890625
835,1603243736.9486027,-38.0859375,-31.73828125,-19.04296875,-21.97265625
836,1603243736.952509,-41.015625,-31.25,-25.87890625,-22.4609375
837,1603243736.9564152,-34.66796875,-32.71484375,-24.90234375,-21.97265625
838,1603243736.9603214,-28.3203125,-33.203125,-28.3203125,-24.90234375
839,1603243736.9642277,-23.92578125,-29.78515625,-30.2734375,-29.296875
840,1603243736.968134,-25.87890625,-28.80859375,-27.83203125,-25.390625
841,1603243736.9720402,-25.87890625,-27.34375,-29.78515625,-24.4140625
842,1603243736.9759464,-18.06640625,-25.87890625,-27.83203125,-20.5078125
843,1603243736.9798527,-14.16015625,-24.90234375,-26.85546875,-17.08984375
844,1603243736.983759,-12.6953125,-21.484375,-28.3203125,-20.99609375
845,1603243736.9876652,-6.34765625,-20.99609375,-27.34375,-23.92578125
846,1603243736.9915714,-19.04296875,-23.92578125,-30.2734375,-24.4140625
847,1603243736.9954777,-23.92578125,-25.390625,-32.71484375,-24.4140625
848,1603243736.999384,-22.94921875,-24.90234375,-29.296875,-21.484375
849,1603243737.0032902,-35.15625,-21.97265625,-32.2265625,-20.5078125
850,1603243737.0071964,-34.1796875,-22.4609375,-33.69140625,-20.99609375
851,1603243737.0111027,-31.73828125,-24.90234375,-33.203125,-25.390625
852,1603243737.015009,-29.296875,-21.484375,-32.2265625,-28.3203125
853,1603243737.0189152,-23.92578125,-18.06640625,-31.25,-25.390625
854,1603243737.0228214,-25.390625,-21.484375,-37.59765625,-29.296875
855,1603243737.0267277,-29.296875,-26.85546875,-33.69140625,-29.78515625
856,1603243737.030634,-31.73828125,-22.4609375,-24.4140625,-25.390625
857,1603243737.0345402,-30.2734375,-21.97265625,-27.34375,-27.83203125
858,1603243737.0384464,-26.3671875,-24.90234375,-31.73828125,-35.15625
859,1603243737.0423527,-27.34375,-23.92578125,-29.296875,-39.0625
860,1603243737.046259,-31.73828125,-24.90234375,-27.34375,-36.1328125
861,1603243737.0501652,-30.2734375,-21.97265625,-30.2734375,-37.109375
862,1603243737.0540714,-29.296875,-26.3671875,-37.109375,-35.64453125
863,1603243737.0579777,-39.0625,-30.2734375,-34.1796875,-26.85546875
864,1603243737.061884,-45.41015625,-31.25,-26.85546875,-30.76171875
865,1603243737.0657902,-40.0390625,-32.2265625,-26.3671875,-43.45703125
866,1603243737.0696964,-47.36328125,-34.1796875,-28.3203125,-43.9453125
867,1603243737.0736027,-50.78125,-33.69140625,-25.390625,-39.0625
868,1603243737.077509,-39.0625,-24.90234375,-21.484375,-33.69140625
869,1603243737.0814152,-31.73828125,-21.97265625,-27.34375,-32.71484375
870,1603243737.0853214,-22.94921875,-20.5078125,-28.80859375,-32.2265625
871,1603243737.0892277,-25.87890625,-20.5078125,-22.4609375,-24.90234375
872,1603243737.093134,-34.66796875,-23.4375,-24.4140625,-31.73828125
873,1603243737.0970402,-37.59765625,-24.4140625,-31.25,-38.57421875
874,1603243737.1009464,-32.71484375,-21.97265625,-27.83203125,-36.1328125
875,1603243737.1048527,-31.25,-20.5078125,-24.90234375,-39.55078125
876,1603243737.108759,-48.828125,-26.85546875,-31.25,-33.203125
877,1603243737.1126652,-51.26953125,-29.78515625,-32.71484375,-22.4609375
878,1603243737.1165714,-32.71484375,-30.76171875,-28.80859375,-22.94921875
879,1603243737.1204777,-29.296875,-31.73828125,-29.296875,-26.85546875
880,1603243737.124384,-31.25,-25.87890625,-30.76171875,-31.73828125
881,1603243737.1282902,-27.83203125,-16.6015625,-26.3671875,-30.76171875
882,1603243737.1321964,-28.80859375,-16.11328125,-27.34375,-25.390625
883,1603243737.1361027,-32.2265625,-19.53125,-31.73828125,-25.390625
884,1603243737.140009,-25.390625,-13.18359375,-30.2734375,-30.2734375
885,1603243737.1439152,-15.13671875,-16.11328125,-25.87890625,-26.85546875
886,1603243737.1478214,-20.01953125,-21.484375,-30.76171875,-22.4609375
887,1603243737.1517277,-30.76171875,-14.16015625,-33.69140625,-19.53125
888,1603243737.155634,-31.25,-14.6484375,-25.87890625,-16.11328125
889,1603243737.1595402,-25.87890625,-20.99609375,-19.53125,-21.97265625
890,1603243737.1634464,-28.80859375,-24.90234375,-20.5078125,-25.390625
891,1603243737.1673527,-33.203125,-20.5078125,-23.92578125,-30.2734375
892,1603243737.171259,-38.57421875,-17.578125,-26.3671875,-38.0859375
893,1603243737.1751652,-36.1328125,-17.578125,-33.203125,-34.1796875
894,1603243737.1790714,-30.76171875,-21.484375,-36.62109375,-28.80859375
895,1603243737.1829777,-30.2734375,-21.484375,-29.78515625,-24.4140625
896,1603243737.186884,-25.87890625,-25.390625,-27.34375,-24.90234375
897,1603243737.1907902,-31.25,-28.3203125,-27.34375,-27.34375
898,1603243737.1946964,-40.0390625,-20.01953125,-20.01953125,-23.92578125
899,1603243737.1986027,-41.015625,-19.04296875,-18.5546875,-29.296875
900,1603243737.202509,-30.2734375,-26.85546875,-23.4375,-40.0390625
901,1603243737.2064152,-29.78515625,-26.85546875,-29.296875,-40.52734375
902,1603243737.2103214,-39.0625,-27.34375,-32.71484375,-33.203125
903,1603243737.2142277,-32.71484375,-28.80859375,-32.71484375,-22.4609375
904,1603243737.218134,-27.83203125,-25.390625,-30.2734375,-23.4375
905,1603243737.2220402,-29.296875,-24.90234375,-29.296875,-33.69140625
906,1603243737.2259464,-29.78515625,-19.53125,-32.71484375,-32.2265625
907,1603243737.2298527,-33.69140625,-17.578125,-31.25,-33.203125
908,1603243737.233759,-34.66796875,-21.97265625,-25.390625,-37.109375
909,1603243737.2376652,-34.1796875,-23.92578125,-23.4375,-39.0625
910,1603243737.2415714,-25.390625,-24.4140625,-23.92578125,-42.96875
911,1603243737.2454777,-22.4609375,-24.90234375,-25.87890625,-40.52734375
912,1603243737.249384,-30.76171875,-27.34375,-27.83203125,-33.69140625
913,1603243737.2532902,-31.73828125,-29.78515625,-26.3671875,-26.3671875
914,1603243737.2571964,-29.78515625,-27.83203125,-24.4140625,-19.53125
915,1603243737.2611027,-27.34375,-24.4140625,-26.3671875,-22.4609375
916,1603243737.265009,-31.25,-23.92578125,-25.390625,-28.3203125
917,1603243737.2689152,-36.1328125,-23.92578125,-22.4609375,-26.85546875
918,1603243737.2728214,-37.109375,-23.92578125,-22.94921875,-24.4140625
919,1603243737.2767277,-35.15625,-23.4375,-25.87890625,-30.76171875
920,1603243737.280634,-15.13671875,-19.04296875,-24.90234375,-26.3671875
921,1603243737.2845402,-3.90625,-22.4609375,-19.53125,-17.578125
922,1603243737.2884464,-22.94921875,-30.76171875,-19.53125,-19.04296875
923,1603243737.2923527,-31.73828125,-31.73828125,-20.99609375,-17.08984375
924,1603243737.296259,-29.296875,-27.34375,-17.578125,-16.11328125
925,1603243737.3001652,-39.55078125,-25.87890625,-17.578125,-20.99609375
926,1603243737.3040714,-36.62109375,-22.94921875,-19.04296875,-27.34375
927,1603243737.3079777,-32.71484375,-20.99609375,-20.5078125,-30.2734375
928,1603243737.311884,-45.8984375,-24.4140625,-22.94921875,-24.90234375
929,1603243737.3157902,-44.921875,-27.34375,-26.85546875,-23.4375
930,1603243737.3196964,-26.85546875,-25.87890625,-26.85546875,-20.5078125
931,1603243737.3236027,-16.11328125,-27.83203125,-22.94921875,-28.3203125
932,1603243737.327509,-22.4609375,-30.2734375,-19.53125,-36.1328125
933,1603243737.3314152,-28.3203125,-29.296875,-17.578125,-30.2734375
934,1603243737.3353214,-31.73828125,-29.296875,-22.94921875,-35.64453125
935,1603243737.3392277,-31.25,-25.390625,-27.34375,-34.66796875
936,1603243737.343134,-29.78515625,-24.90234375,-27.83203125,-41.50390625
937,1603243737.3470402,-40.52734375,-28.3203125,-33.203125,-47.36328125
938,1603243737.3509464,-44.921875,-26.85546875,-33.203125,-36.1328125
939,1603243737.3548527,-33.69140625,-24.90234375,-32.71484375,-25.390625
940,1603243737.358759,-21.97265625,-25.390625,-31.25,-22.4609375
941,1603243737.3626652,-18.5546875,-23.92578125,-22.4609375,-24.90234375
942,1603243737.3665714,-22.94921875,-19.53125,-18.5546875,-24.90234375
943,1603243737.3704777,-28.80859375,-16.11328125,-20.01953125,-19.04296875
944,1603243737.374384,-39.55078125,-20.99609375,-21.97265625,-15.13671875
945,1603243737.3782902,-32.2265625,-24.90234375,-22.4609375,-21.97265625
946,1603243737.3821964,-22.94921875,-25.390625,-22.94921875,-30.76171875
947,1603243737.3861027,-31.73828125,-22.94921875,-20.99609375,-30.76171875
948,1603243737.390009,-29.296875,-20.01953125,-19.04296875,-28.3203125
949,1603243737.3939152,-21.484375,-20.99609375,-19.04296875,-27.34375
950,1603243737.3978214,-25.87890625,-23.92578125,-21.484375,-29.78515625
951,1603243737.4017277,-32.2265625,-26.3671875,-29.296875,-35.15625
952,1603243737.405634,-29.78515625,-26.85546875,-32.2265625,-38.57421875
953,1603243737.4095402,-36.1328125,-23.4375,-30.2734375,-35.15625
954,1603243737.4134464,-39.0625,-23.92578125,-30.76171875,-27.83203125
955,1603243737.4173527,-28.80859375,-21.484375,-28.80859375,-26.3671875
956,1603243737.421259,-20.99609375,-19.53125,-24.4140625,-28.80859375
957,1603243737.4251652,-15.13671875,-22.94921875,-18.5546875,-26.3671875
958,1603243737.4290714,-17.578125,-24.90234375,-18.06640625,-24.90234375
959,1603243737.4329777,-20.99609375,-27.34375,-20.99609375,-24.90234375
